coefficient,beta,std_error,tval,pval,dep_var,model_id,n_obs,n_trated,n_ind,r2,ar2,wr2,war2_adj,sample,description
d_treated_{h=-4},0.07956878101847617,0.005603628054130559,14.199511503948635,1.2818505613482815e-45,prod_res_ma3,80001,119657,5740,31587,0.038277345293439624,0.03823715663414273,0.0018704286258838243,0.0018620866181164875,le5_panelsize0,LE-event def: first
d_treated_{h=-4},0.013999885562571734,0.0028510181922825817,4.910486225751912,9.139961399497864e-7,tfp_cd_ma3,80002,100069,5740,31587,0.003015481633434347,0.002965663792755646,2.54206243960442e-4,2.442150804559118e-4,le5_panelsize0,LE-event def: first
d_treated_{h=-4},0.011094437350319094,0.0018765963860510658,5.911999742078366,3.421810694814463e-9,tfp_tl_ma3,80003,100069,5740,31587,0.0064549874548957,0.006405341481231841,3.822455918633949e-4,3.722557079461897e-4,le5_panelsize0,LE-event def: first
d_treated_{h=-3},0.05520904110481754,0.0039850375606881394,13.854082995213725,1.5730420542139831e-43,prod_res_ma3,80004,151298,5740,34682,0.03769106826275981,0.037652904369399165,0.0015597979614259128,0.0015531984928386366,le5_panelsize0,LE-event def: first
d_treated_{h=-3},0.009112199359777737,0.0018279007852595322,4.985062336675977,6.229771964308221e-7,tfp_cd_ma3,80005,126846,5740,34682,0.0026728508265358997,0.0026256732006081362,1.9361536711837157e-4,1.857328831454952e-4,le5_panelsize0,LE-event def: first
d_treated_{h=-3},0.0073964243174529706,0.0011758072412097133,6.290507540881667,3.209316841588382e-10,tfp_tl_ma3,80006,126846,5740,34682,0.006829655156281533,0.006782674164086289,2.9634591449922976e-4,2.8846424045514407e-4,le5_panelsize0,LE-event def: first
d_treated_{h=-2},0.02879544608231183,0.002532065467201492,11.372314995527088,6.437294997224049e-30,prod_res_ma3,80007,184270,5740,37307,0.028985395665345637,0.02894850741801125,9.688338976016064e-4,9.634121005620555e-4,le5_panelsize0,LE-event def: first
d_treated_{h=-2},0.004507547466816362,0.001160702853566886,3.883463759018503,1.0318773651722306e-4,tfp_cd_ma3,80008,155116,5740,37307,0.0027407348966640432,0.0026957287405938724,1.1282925567901447e-4,1.063828623869556e-4,le5_panelsize0,LE-event def: first
d_treated_{h=-2},0.0036810023573475826,7.434257682464053e-4,4.951405391866279,7.405754577236292e-7,tfp_tl_ma3,80009,155116,5740,37307,0.005197425503467579,0.005152530217463758,1.695689712362114e-4,1.6312294375186998e-4,le5_panelsize0,LE-event def: first
d_treated_{h=0},-0.0052081527736070376,0.0025175365266408836,-2.0687496361994033,0.03857584070654748,prod_res_ma3,80010,221159,5740,40995,0.025963345514452674,0.02592811018442387,2.6978875484862108e-5,2.245717970772443e-5,le5_panelsize0,LE-event def: first
d_treated_{h=0},3.602650310752563e-4,0.0011870006399365253,0.3035087083815906,0.7615040273031254,tfp_cd_ma3,80011,185414,5740,40995,0.002346340630859478,0.0023032930902054938,6.7048131524583e-7,-4.723112867921486e-6,le5_panelsize0,LE-event def: first
d_treated_{h=0},0.0015541020500616795,7.571255137764336e-4,2.052634631621435,0.040115491505558265,tfp_tl_ma3,80012,185414,5740,40995,0.004770741718992055,0.004727798788293103,2.7503272091555786e-5,2.210982263373129e-5,le5_panelsize0,LE-event def: first
d_treated_{h=1},0.016995515340238396,0.004214254216668323,4.032864290202834,5.5211211475109834e-5,prod_res_ma3,80013,179245,5740,37307,0.03168172683323023,0.03164390970890785,1.2968947393365848e-4,1.241109923113548e-4,le5_panelsize0,LE-event def: first
d_treated_{h=1},0.0076785840941851966,0.0021497328187142,3.5718783410386403,0.00035496058019171463,tfp_cd_ma3,80014,149738,5740,37307,0.0020680479861566736,0.0020213938509526796,1.2341913043900643e-4,1.167412664112577e-4,le5_panelsize0,LE-event def: first
d_treated_{h=1},0.00904446666137886,0.0013023462871288637,6.9447479144108275,3.86518992792532e-12,tfp_tl_ma3,80015,149738,5740,37307,0.006129998044595131,0.006083533808879604,3.945604194988128e-4,3.878843663391862e-4,le5_panelsize0,LE-event def: first
d_treated_{h=2},0.042710106633655466,0.005924662574902265,7.208867356359113,5.759209468790409e-13,prod_res_ma3,80016,142671,5740,34612,0.03332078695756768,0.033280131464393126,5.25035204278268e-4,5.180294076877479e-4,le5_panelsize0,LE-event def: first
d_treated_{h=2},0.02211123787518552,0.0031415904753310455,7.038230491469626,1.9909771208981442e-12,tfp_cd_ma3,80017,118752,5740,34612,0.002671466291009672,0.0026210728327398236,6.228545580900802e-4,6.144383961848021e-4,le5_panelsize0,LE-event def: first
d_treated_{h=2},0.017372237929035455,0.0018237891123601632,9.525354555140458,1.7704513535890204e-21,tfp_tl_ma3,80018,118752,5740,34612,0.005727766475731255,0.005677527447552011,9.063022809333576e-4,8.978885060567654e-4,le5_panelsize0,LE-event def: first
d_treated_{h=3},0.03868472991655052,0.008261309666215407,4.682638888934471,2.844239856838039e-6,prod_res_ma3,80019,109638,5740,31661,0.02952835425151401,0.02948409383276085,3.0822036196331837e-4,2.9910174897040953e-4,le5_panelsize0,LE-event def: first
d_treated_{h=3},0.029220613580619434,0.004052823266521592,7.209940246345494,5.753497449356744e-13,tfp_cd_ma3,80020,91336,5740,31661,0.0024225284482728426,0.0023679145496879883,7.478441481602038e-4,7.369030318145064e-4,le5_panelsize0,LE-event def: first
d_treated_{h=3},0.02161663400122898,0.0024420741907557344,8.851751549177713,9.162872313460476e-19,tfp_tl_ma3,80021,91336,5740,31661,0.003634354795068351,0.003579807239763144,9.838128885721886e-4,9.728743559201947e-4,le5_panelsize0,LE-event def: first
d_treated_{h=4},0.02708361698911752,0.010348985989673576,2.6170309841120756,0.008874730367863303,prod_res_ma3,80022,81903,5740,29305,0.006824052589019081,0.006775544642675491,1.1395111230982913e-4,1.0174219330216783e-4,le5_panelsize0,LE-event def: first
d_treated_{h=4},0.034017702509724905,0.005439215409189005,6.254156151318338,4.0678782226614365e-10,tfp_cd_ma3,80023,68315,5740,29305,0.0012208985401477301,0.00116241345149537,8.473212446534761e-4,8.326945036380984e-4,le5_panelsize0,LE-event def: first
d_treated_{h=4},0.023688197168333022,0.0039000781101655173,6.073775062758347,1.26920598046818e-9,tfp_tl_ma3,80024,68315,5740,29305,0.0015638280140087835,0.0015053630061336865,9.931769498187082e-4,9.785523440062338e-4,le5_panelsize0,LE-event def: first
d_treated_{h=-4},0.0778916062977992,0.005965143542826445,13.057792446833906,7.325385529984363e-39,prod_res_ma3,80101,116793,4592,30341,0.03820261376825185,0.03816143635183433,0.0016453411249786054,0.0016367926165069546,le5_panelsize0,LE-event def: concentrated
d_treated_{h=-4},0.014954101861794673,0.0030220886364197286,4.948267129421727,7.536080156022243e-7,tfp_cd_ma3,80102,97604,4592,30341,0.002929410023833179,0.00287832954114009,2.6365740621681066e-4,2.5341399607936577e-4,le5_panelsize0,LE-event def: concentrated
d_treated_{h=-4},0.012493788341240713,0.0020331538319460557,6.145028548716427,8.11502717704892e-10,tfp_tl_ma3,80103,97604,4592,30341,0.006122656926222381,0.006071740035349937,4.387594927098837e-4,4.285178766879616e-4,le5_panelsize0,LE-event def: concentrated
d_treated_{h=-3},0.054077336753285625,0.004310741101849819,12.54478881371002,5.1242713068342764e-36,prod_res_ma3,80104,147952,4592,33385,0.03762382609536341,0.03758479634076928,0.0013314968655268045,0.0013247465968246885,le5_panelsize0,LE-event def: concentrated
d_treated_{h=-3},0.010676435000620557,0.001988951715013379,5.367870381181547,8.030477978887855e-8,tfp_cd_ma3,80105,123951,4592,33385,0.0026629204336274803,0.002614640383948541,2.3485478783535907e-4,2.267885228672828e-4,le5_panelsize0,LE-event def: concentrated
d_treated_{h=-3},0.008779354722787052,0.0012766208889744813,6.877025747118685,6.239834597280234e-12,tfp_tl_ma3,80106,123951,4592,33385,0.006632029543279905,0.006583941634040746,3.681648036720775e-4,3.600996142704149e-4,le5_panelsize0,LE-event def: concentrated
d_treated_{h=-2},0.026971239835127517,0.0028333999720801073,9.519037234734952,1.8529918997145928e-21,prod_res_ma3,80107,180521,4592,35948,0.028935507982836617,0.02889785168415393,7.264484361572121e-4,7.209126932935517e-4,le5_panelsize0,LE-event def: concentrated
d_treated_{h=-2},0.0051091749280548025,0.001309945978211828,3.900294373229955,9.628141209033489e-5,tfp_cd_ma3,80108,151855,4592,35948,0.0026930875706360213,0.002647112685475239,1.2277999266474549e-4,1.161952249709719e-4,le5_panelsize0,LE-event def: concentrated
d_treated_{h=-2},0.0045198826829705085,8.250899161035156e-4,5.4780486281006064,4.3343244301641804e-8,tfp_tl_ma3,80109,151855,4592,35948,0.005129078249386132,0.005083215661042195,2.163272967047325e-4,2.097431450738263e-4,le5_panelsize0,LE-event def: concentrated
d_treated_{h=0},-2.6145578673178295e-5,0.0027617637107133193,-0.00946698610447934,0.992446598534388,prod_res_ma3,80110,216978,4592,39545,0.026151079288638024,0.02611517189465229,5.584122053647889e-10,-4.608394938099281e-6,le5_panelsize0,LE-event def: concentrated
d_treated_{h=0},-0.0011031501227971828,0.0013531947253822697,-0.8152190531821274,0.41495272727389765,tfp_cd_ma3,80111,181788,4592,39545,0.002296230892171791,0.0022523224640647044,5.093611261108855e-6,-4.075462234354177e-7,le5_panelsize0,LE-event def: concentrated
d_treated_{h=0},0.0010938838060704859,8.743165471547146e-4,1.2511301651905231,0.21089572592172354,tfp_tl_ma3,80112,181788,4592,39545,0.004670004589624632,0.0046262006300732406,1.103367711008385e-5,5.5325523029559065e-6,le5_panelsize0,LE-event def: concentrated
d_treated_{h=1},0.02738467505892593,0.0046897883343302695,5.8392134370892945,5.2899899493215264e-9,prod_res_ma3,80113,176339,4592,35948,0.03197121714793105,0.031932788275639945,2.711734502350849e-4,2.6550383555268287e-4,le5_panelsize0,LE-event def: concentrated
d_treated_{h=1},0.005529692992795195,0.0024564933946476836,2.2510514397651282,0.0243894329832653,tfp_cd_ma3,80114,147233,4592,35948,0.0019715383562783906,0.001924085822866961,5.0987797321822015e-5,4.419581897441294e-5,le5_panelsize0,LE-event def: concentrated
d_treated_{h=1},0.008696978770538832,0.0015056885936223022,5.776080663277207,7.720937642178955e-9,tfp_tl_ma3,80115,147233,4592,35948,0.005881649278595691,0.005834382656384363,2.9002712048653567e-4,2.8323676577179935e-4,le5_panelsize0,LE-event def: concentrated
d_treated_{h=2},0.06041725935493684,0.00666750827315432,9.061444977608424,1.35661333674088e-19,prod_res_ma3,80116,140687,4592,33323,0.033808234025626493,0.033767025960543706,8.23879623262691e-4,8.167771487077591e-4,le5_panelsize0,LE-event def: concentrated
d_treated_{h=2},0.021224857780153174,0.0036517008124449337,5.812321126588253,6.229193197670094e-9,tfp_cd_ma3,80117,117062,4592,33323,0.002468701967932807,0.0024175705528869385,4.459622465645685e-4,4.3742306380634144e-4,le5_panelsize0,LE-event def: concentrated
d_treated_{h=2},0.017928072893865676,0.0021437546601376922,8.362931275314017,6.4034953782214e-17,tfp_tl_ma3,80118,117062,4592,33323,0.005368340299516383,0.00531735751400364,7.474289212028307e-4,7.388923138722525e-4,le5_panelsize0,LE-event def: concentrated
d_treated_{h=3},0.06372375321268224,0.00960412238845509,6.63504177011355,3.3002251260595655e-11,prod_res_ma3,80119,108325,4592,30416,0.030048050750499322,0.030003277813653084,6.120897890283805e-4,6.028634491413998e-4,le5_panelsize0,LE-event def: concentrated
d_treated_{h=3},0.02744459386026536,0.004771779911687345,5.751437486260908,8.953294522500517e-9,tfp_cd_ma3,80120,90239,4592,30416,0.0020948895254786493,0.0020395935079199345,4.786005495002188e-4,4.675234335952405e-4,le5_panelsize0,LE-event def: concentrated
d_treated_{h=3},0.021365404537433335,0.0029960828877569606,7.131112635347916,1.023054232702974e-12,tfp_tl_ma3,80121,90239,4592,30416,0.0031940571532934614,0.003138822042921041,6.948007033938941e-4,6.83725983509853e-4,le5_panelsize0,LE-event def: concentrated
d_treated_{h=4},0.0595431217276461,0.012380972068829182,4.809244492001899,1.523348808280128e-6,prod_res_ma3,80122,81044,4592,28123,0.007163860933977473,0.007114855584006929,3.79965726291287e-4,3.6763067731149235e-4,le5_panelsize0,LE-event def: concentrated
d_treated_{h=4},0.029685432835252313,0.00643637260608283,4.612137092125069,4.0078422174067614e-6,tfp_cd_ma3,80123,67605,4592,28123,7.724237161258474e-4,7.132978240380616e-4,4.4403833573769536e-4,4.292520049438142e-4,le5_panelsize0,LE-event def: concentrated
d_treated_{h=4},0.02015369246671271,0.005048165577806031,3.9922803949452965,6.565241022266171e-5,tfp_tl_ma3,80124,67605,4592,28123,0.0010027707624798987,9.436585003949061e-4,4.936331229220547e-4,4.7884752577886935e-4,le5_panelsize0,LE-event def: concentrated
d_treated_{h=-4},0.07478960876578203,0.006434762975399238,11.622744932752054,4.007322106667463e-31,prod_res_ma3,80201,76288,4180,19650,0.05766183100795841,0.05760006426292075,0.002033789346055803,0.002020706755003432,le5_panelsize10,LE-event def: first
d_treated_{h=-4},0.015064407988159435,0.003450356959852868,4.366043329268117,1.2730349603610921e-5,tfp_cd_ma3,80202,63638,4180,19650,0.003560603537103524,0.003482306501298993,3.192800708000654e-4,3.035697250631797e-4,le5_panelsize10,LE-event def: first
d_treated_{h=-4},0.010417227912829114,0.0022596661478810095,4.6100738919321405,4.056071086349854e-6,tfp_tl_ma3,80203,63638,4180,19650,0.009349242313505202,0.009271400130508645,3.7394367934284745e-4,3.582341926644528e-4,le5_panelsize10,LE-event def: first
d_treated_{h=-3},0.05586054197159796,0.004551900751079706,12.271915629607676,1.6816616563497855e-34,prod_res_ma3,80204,95181,4180,21208,0.05697528649093209,0.05691583592374938,0.001953838786907136,0.0019433522447714902,le5_panelsize10,LE-event def: first
d_treated_{h=-3},0.00849670012287663,0.002216765722881577,3.832926517752069,1.2706641513843882e-4,tfp_cd_ma3,80205,79543,4180,21208,0.0033756679175802606,0.0033004850319373613,1.8240572388339427e-4,1.6983509430334998e-4,le5_panelsize10,LE-event def: first
d_treated_{h=-3},0.005873431895390026,0.0013976114294913296,4.202478436748119,2.6530495185730787e-5,tfp_tl_ma3,80206,79543,4180,21208,0.009388431351729731,0.00931370205415516,2.0764430844932846e-4,1.9507399619211885e-4,le5_panelsize10,LE-event def: first
d_treated_{h=-2},0.028595276473306862,0.002810193161581372,10.175555497123025,2.8776991059715407e-24,prod_res_ma3,80207,114475,4180,22555,0.042375483377385614,0.04231692176909363,0.0012022808604441604,0.001193555221446596,le5_panelsize10,LE-event def: first
d_treated_{h=-2},0.004217497425472867,0.0014080666229289948,2.995239967196882,0.0027458187076118356,tfp_cd_ma3,80208,95956,4180,22555,0.0034700835895890014,0.0033973805690479253,1.1170504403235082e-4,1.0128389617147793e-4,le5_panelsize10,LE-event def: first
d_treated_{h=-2},0.0029886491025856088,8.830365656864579e-4,3.3845134150954244,7.144844614207047e-4,tfp_tl_ma3,80209,95956,4180,22555,0.00689397981742268,0.006821526591286875,1.273780412891501e-4,1.1695705677716717e-4,le5_panelsize10,LE-event def: first
d_treated_{h=0},-0.008731684763994845,0.0028720641488536223,-3.040212304269066,0.0023666094995289655,prod_res_ma3,80210,135775,4180,24501,0.03793623028100135,0.03787954075521627,9.431012158467311e-5,8.694520187080279e-5,le5_panelsize10,LE-event def: first
d_treated_{h=0},0.0025556699418918297,0.0014431718768261451,1.7708701111279375,0.07659707677236356,tfp_cd_ma3,80211,113157,4180,24501,0.002914342202173237,0.0028438444005118857,3.8808967323999966e-5,2.997132820503623e-5,le5_panelsize10,LE-event def: first
d_treated_{h=0},0.0019474651087548905,8.980942289073783e-4,2.1684418472705,0.030136482555580685,tfp_tl_ma3,80212,113157,4180,24501,0.006234069109277596,0.0061638060251123505,5.002078470184301e-5,4.1183244672726715e-5,le5_panelsize10,LE-event def: first
d_treated_{h=1},0.006350003428214851,0.004586244272092928,1.3845759299944644,0.16619594611680394,prod_res_ma3,80213,110863,4180,22555,0.04790763836728751,0.04784751797099118,2.3290416070076425e-5,1.4269833240487806e-5,le5_panelsize10,LE-event def: first
d_treated_{h=1},0.008655806879073054,0.0025236066984857955,3.429934975313973,6.050207620889536e-4,tfp_cd_ma3,80214,92129,4180,22555,0.0030301632963493086,0.0029544065323441338,1.842440175238158e-4,1.7339072939215328e-4,le5_panelsize10,LE-event def: first
d_treated_{h=1},0.008892318046538106,0.0015039811154943872,5.91251974837133,3.4273463835467447e-9,tfp_tl_ma3,80215,92129,4180,22555,0.008374747449245379,0.008299396804247405,4.6173245607494806e-4,4.5088218016009485e-4,le5_panelsize10,LE-event def: first
d_treated_{h=2},0.02646157147513987,0.00644887479510333,4.103285040551928,4.0887467491975514e-5,prod_res_ma3,80216,88885,4180,21153,0.04994248050900629,0.049878343769690026,2.630839628952053e-4,2.5183554465857405e-4,le5_panelsize10,LE-event def: first
d_treated_{h=2},0.02311508784778806,0.0036005812947241707,6.4198211221221255,1.399778607510564e-10,tfp_cd_ma3,80217,73649,4180,21153,0.0035315123387342773,0.003450324824462947,7.998506219442092e-4,7.862822757643828e-4,le5_panelsize10,LE-event def: first
d_treated_{h=2},0.01663025974611629,0.00204793393400904,8.120505974311808,4.951516194217088e-16,tfp_tl_ma3,80218,73649,4180,21153,0.008131014192183539,0.00805020142345303,0.0010044709984160516,9.909054308188114e-4,le5_panelsize10,LE-event def: first
d_treated_{h=3},0.025180019477991363,0.009149708389043937,2.752002403502004,0.0059288224031629555,prod_res_ma3,80219,68840,4180,19685,0.04398407544318583,0.04391463185974176,1.7336996514660807e-4,1.588447794820258e-4,le5_panelsize10,LE-event def: first
d_treated_{h=3},0.028294010646103908,0.004536941060683055,6.23636284176108,4.592551814627491e-10,tfp_cd_ma3,80220,57148,4180,19685,0.0031662043772687776,0.0030789801117878657,8.287497778046715e-4,8.112640186392905e-4,le5_panelsize10,LE-event def: first
d_treated_{h=3},0.01983027215659681,0.0027747286056584706,7.1467429701619025,9.274758985162073e-13,tfp_tl_ma3,80221,57148,4180,19685,0.0058940296896695665,0.0058070441124837835,0.0010030980904827125,9.85615382458782e-4,le5_panelsize10,LE-event def: first
d_treated_{h=4},0.01829446993626904,0.011212625027277635,1.6315956247322074,0.10278298230789441,prod_res_ma3,80222,51833,4180,18513,0.009444704709990592,0.00936825527761509,6.844702317920781e-5,4.915375403935496e-5,le5_panelsize10,LE-event def: first
d_treated_{h=4},0.030434278824366636,0.006108392585422779,4.982371122805001,6.354303836189546e-7,tfp_cd_ma3,80223,43115,4180,18513,0.0016797544714414192,0.001587124432422371,8.23939485906533e-4,8.007621242616114e-4,le5_panelsize10,LE-event def: first
d_treated_{h=4},0.01914585607343705,0.004586977167295888,4.17395931463158,3.0112095855211656e-5,tfp_tl_ma3,80224,43115,4180,18513,0.0027347731770939188,0.0026422410289312914,8.128054498444115e-4,7.896278299290849e-4,le5_panelsize10,LE-event def: first
d_treated_{h=-4},0.07144321169364014,0.006987593183814166,10.224294662592674,1.7961140693849258e-24,prod_res_ma3,80301,73533,3089,18468,0.05800480684711684,0.057940749072887376,0.0016674836279013672,0.0016539058603279866,le5_panelsize10,LE-event def: concentrated
d_treated_{h=-4},0.015244511565848093,0.00376392042374226,4.050168401459271,5.143410922945049e-5,tfp_cd_ma3,80302,61259,3089,18468,0.003481290177326124,0.0033999456954376672,2.8842531195072407e-4,2.72104289720132e-4,le5_panelsize10,LE-event def: concentrated
d_treated_{h=-4},0.011333721807339513,0.002538738647053582,4.464312157729682,8.090286403112244e-6,tfp_tl_ma3,80303,61259,3089,18468,0.008911427667942506,0.008830526440873454,3.8808608602514116e-4,3.7176669082961133e-4,le5_panelsize10,LE-event def: concentrated
d_treated_{h=-3},0.05444640433324088,0.0050450425532076616,10.792060475014944,4.4599319304225185e-27,prod_res_ma3,80304,91986,3089,19980,0.05725221413564585,0.05719071654690078,0.0015920401237372594,0.0015811853855919322,le5_panelsize10,LE-event def: concentrated
d_treated_{h=-3},0.009627522390069325,0.002504826424051451,3.8435886405642488,1.2169840949561035e-4,tfp_cd_ma3,80305,76767,3089,19980,0.0033903982780785213,0.0033124975796635647,1.9804863790162663e-4,1.8502359945249403e-4,le5_panelsize10,LE-event def: concentrated
d_treated_{h=-3},0.0068146459785889645,0.0015712859230538603,4.336986590794636,1.4529816831323813e-5,tfp_tl_ma3,80306,76767,3089,19980,0.00909803233515949,0.009020577778020566,2.3571364600805111e-4,2.226890982441887e-4,le5_panelsize10,LE-event def: concentrated
d_treated_{h=-2},0.026115280687567338,0.003241211105069918,8.057260030584768,8.210905473752266e-16,prod_res_ma3,80307,110918,3089,21273,0.04257010157826935,0.042509674120971064,8.16105940290246e-4,8.070969790238136e-4,le5_panelsize10,LE-event def: concentrated
d_treated_{h=-2},0.004207377927511048,0.0016768627248648451,2.509077138589363,0.012113453224556139,tfp_cd_ma3,80308,92847,3089,21273,0.0033916779799259,0.0033165343629746324,8.901002257333257e-5,7.823964600761624e-5,le5_panelsize10,LE-event def: concentrated
d_treated_{h=-2},0.0033977440383449733,0.0010267746162309058,3.3091430043503074,9.376646250826869e-4,tfp_tl_ma3,80309,92847,3089,21273,0.006752620216013194,0.00667773001191263,1.3152564465790384e-4,1.2075572604219875e-4,le5_panelsize10,LE-event def: concentrated
d_treated_{h=0},-0.002476477359328543,0.0032165375502796545,-0.7699202389579538,0.44135506838872474,prod_res_ma3,80310,131828,3089,23137,0.038424049981260255,0.038365692630649595,5.8515362419964134e-06,-1.7345791774037167e-6,le5_panelsize10,LE-event def: concentrated
d_treated_{h=0},0.0020526144149338047,0.0017271159533637076,1.1884635834300301,0.23466535427844598,tfp_cd_ma3,80311,109720,3089,23137,0.0028133198043819307,0.0027406060979936475,1.8920317259807362e-5,9.805633411463788e-6,le5_panelsize10,LE-event def: concentrated
d_treated_{h=0},0.0019160161782743855,0.0010958109295580614,1.7484915751361518,0.08039474559012624,tfp_tl_ma3,80312,109720,3089,23137,0.006073236531461634,0.006000760534453642,3.653042861440081e-5,2.7415905279659647e-5,le5_panelsize10,LE-event def: concentrated
d_treated_{h=1},0.01685623288898176,0.005161792390015954,3.265577461345682,0.001094144132328037,prod_res_ma3,80313,108104,3089,21273,0.048498445141710755,0.04843682851497155,1.2422463796990524e-4,1.149747510604815e-4,le5_panelsize10,LE-event def: concentrated
d_treated_{h=1},0.008131906152567378,0.003026724588072109,2.68670171862153,0.007222857393737353,tfp_cd_ma3,80314,89739,3089,21273,0.0029808772295276675,0.00290309882675277,1.210538527502969e-4,1.0991078127953191e-4,le5_panelsize10,LE-event def: concentrated
d_treated_{h=1},0.009489441230898225,0.0018241373902287818,5.202152689665589,1.9918384100077564e-7,tfp_tl_ma3,80315,89739,3089,21273,0.008105957887627357,0.008028579297231775,3.903913491750677e-4,3.7925127931459635e-4,le5_panelsize10,LE-event def: concentrated
d_treated_{h=2},0.04348800515198836,0.007399951659985571,5.876795842754621,4.250134366956033e-9,prod_res_ma3,80316,86988,3089,19933,0.050766174502341554,0.05070069580063674,5.201418155188486e-4,5.086510318053072e-4,le5_panelsize10,LE-event def: concentrated
d_treated_{h=2},0.025121659986931937,0.004390479289221496,5.721849103947469,1.0721187790074848e-8,tfp_cd_ma3,80317,72023,3089,19933,0.0034314715249671446,0.003348442598466783,6.8067131437477e-4,6.667949628877956e-4,le5_panelsize10,LE-event def: concentrated
d_treated_{h=2},0.018502853412950018,0.0025319832993506764,7.307652233604799,2.8437331257826734e-13,tfp_tl_ma3,80318,72023,3089,19933,0.00777589418170932,0.007693227209995879,8.912858842565763e-4,8.774124573219799e-4,le5_panelsize10,LE-event def: concentrated
d_treated_{h=3},0.05003985601381962,0.01108418508306638,4.514527287194699,6.385934229508237e-6,prod_res_ma3,80319,67577,3089,18504,0.04491096453910026,0.04484029154066449,4.6022433334713675e-4,4.454318961231163e-4,le5_panelsize10,LE-event def: concentrated
d_treated_{h=3},0.03018395790972121,0.005548077193869391,5.440435822175364,5.398446583247788e-8,tfp_cd_ma3,80320,56085,3089,18504,0.002921386318216479,0.00283248685373938,6.229805280243417e-4,6.051596499867529e-4,le5_panelsize10,LE-event def: concentrated
d_treated_{h=3},0.02104277857012525,0.003660073014670255,5.749278357503217,9.137087556601628e-9,tfp_tl_ma3,80321,56085,3089,18504,0.0054416367444943825,0.00535296198538171,7.420158207137595e-4,7.241970653119045e-4,le5_panelsize10,LE-event def: concentrated
d_treated_{h=4},0.051032173228666114,0.013926396239683059,3.6644205974299866,2.486774024912908e-4,prod_res_ma3,80322,51001,3089,17392,0.00991510440240062,0.009837444594133493,3.3654795959325856e-4,3.169451779625465e-4,le5_panelsize10,LE-event def: concentrated
d_treated_{h=4},0.029777004676581363,0.007506560867963213,3.9667972058502583,7.321631430910217e-5,tfp_cd_ma3,80323,42423,3089,17392,0.0012858355773011088,0.001191657241271793,4.962863431361431e-4,4.7272314558655104e-4,le5_panelsize10,LE-event def: concentrated
d_treated_{h=4},0.01598870738585835,0.006504799752533846,2.4579861016674944,0.01398416868926153,tfp_tl_ma3,80324,42423,3089,17392,0.0021831381221002477,0.00208904440133284,3.554979363855626e-4,3.3193141976384233e-4,le5_panelsize10,LE-event def: concentrated
d_treated_{h=-4},0.07592924864515903,0.0055931230382134664,13.575465464713263,7.498717601529476e-42,prod_res_ma3,80401,113093,5799,29765,0.04444427415349983,0.04440202545445193,0.0018655722156997179,0.001856745963099704,le5_panelsize20,LE-event def: first
d_treated_{h=-4},0.015434335866601106,0.002918662438203053,5.288153801062255,1.2461485991857901e-7,tfp_cd_ma3,80402,94349,5799,29765,0.0028814404214427825,0.0028285950296500495,3.259477054234905e-4,3.1535153981199215e-4,le5_panelsize20,LE-event def: first
d_treated_{h=-4},0.012195596687522514,0.0019191501295405826,6.354686118507033,2.1252126354191173e-10,tfp_tl_ma3,80403,94349,5799,29765,0.006723155794366109,0.006670514006199224,4.972802983429503e-4,4.866859487918651e-4,le5_panelsize20,LE-event def: first
d_treated_{h=-3},0.054128133494061696,0.003959457878432237,13.670592074967077,1.997759178105755e-42,prod_res_ma3,80404,142534,5799,32519,0.04390426128612268,0.04386401224957326,0.0016462201703364432,0.0016392155060985791,le5_panelsize20,LE-event def: first
d_treated_{h=-3},0.009963107654013438,0.001856792047645121,5.365763854196361,8.126565123520121e-8,tfp_cd_ma3,80405,119230,5799,32519,0.0025718916765227195,0.0025216952492399525,2.44474558330654e-4,2.3608896557214543e-4,le5_panelsize20,LE-event def: first
d_treated_{h=-3},0.00809304260403787,0.0011965852765174908,6.763448258022731,1.3747294845884045e-11,tfp_tl_ma3,80406,119230,5799,32519,0.007098001812416599,0.007048033165518608,3.8239475038504e-4,3.740103144520557e-4,le5_panelsize20,LE-event def: first
d_treated_{h=-2},0.027794998960951573,0.0025034198886794983,11.102811432728872,1.3574508393207832e-28,prod_res_ma3,80407,173155,5799,35001,0.033350095082174125,0.03331101528677238,0.001005627278254817,9.998576468276399e-4,le5_panelsize20,LE-event def: first
d_treated_{h=-2},0.0050910492980872244,0.0011711857840363631,4.346918625106158,1.3852246722134651e-5,tfp_cd_ma3,80408,145419,5799,35001,0.002571731963065149,0.0025237163529925333,1.5500193184614375e-4,1.4812593898405613e-4,le5_panelsize20,LE-event def: first
d_treated_{h=-2},0.004225262598332639,7.557121311510305e-4,5.5911006640810585,2.2761710808493983e-8,tfp_tl_ma3,80409,145419,5799,35001,0.005379692685900106,0.0053318122494049325,2.448314853891187e-4,2.3795611029020503e-4,le5_panelsize20,LE-event def: first
d_treated_{h=0},-0.003772296668713314,0.002493367366531803,-1.512932558333938,0.13030498898503837,prod_res_ma3,80410,207482,5799,38548,0.02911177139667942,0.029074334690077364,1.557952455277789e-5,1.0759695367901223e-5,le5_panelsize20,LE-event def: first
d_treated_{h=0},3.8937338577552365e-4,0.001183493945306637,0.3290032765437081,0.7421553221853647,tfp_cd_ma3,80411,173511,5799,38548,0.0020862657811732133,0.0020402529981865536,8.304782951329415e-7,-4.933139239771123e-6,le5_panelsize20,LE-event def: first
d_treated_{h=0},0.001593142314394607,7.574242308445646e-4,2.1033685608634096,0.03544119697188402,tfp_tl_ma3,80412,173511,5799,38548,0.00485371488382369,0.004807829705088307,3.095068472180884e-5,2.5187240788593357e-5,le5_panelsize20,LE-event def: first
d_treated_{h=1},0.020450210074149745,0.004208083306500179,4.85974458788887,1.180483355536742e-6,prod_res_ma3,80413,168082,5799,35001,0.03672644603505859,0.036686327308320554,2.0805928453171418e-4,2.021107622098839e-4,le5_panelsize20,LE-event def: first
d_treated_{h=1},0.00752808494372728,0.0021337922203530277,3.5280309263109917,4.193027820888895e-4,tfp_cd_ma3,80414,140024,5799,35001,0.0019790328752447017,0.0019291375292137536,1.2675926323535425e-4,1.1961812764549329e-4,le5_panelsize20,LE-event def: first
d_treated_{h=1},0.009178301875300145,0.0012919638239381763,7.104147736368313,1.2382539675512668e-12,tfp_tl_ma3,80415,140024,5799,35001,0.006409950665428266,0.0063602768399700915,4.4337296582819263e-4,4.362340915065044e-4,le5_panelsize20,LE-event def: first
d_treated_{h=2},0.04502316646940065,0.005844830370672596,7.7030749592514836,1.3667165369569382e-14,prod_res_ma3,80416,133833,5799,32452,0.03912182636667061,0.0390787460306985,6.483271277528679e-4,6.40859582784925e-4,le5_panelsize20,LE-event def: first
d_treated_{h=2},0.02124321423942598,0.0031662146353219887,6.709341180613186,1.994174406078005e-11,tfp_cd_ma3,80417,111081,5799,32452,0.002559794318456876,0.0025059145515079484,6.143995404013225e-4,6.054020648402769e-4,le5_panelsize20,LE-event def: first
d_treated_{h=2},0.01693600437139198,0.0018358517517927115,9.22514813892459,3.035037015932522e-20,tfp_tl_ma3,80418,111081,5799,32452,0.005994836069215359,0.005941141856496079,9.460743032264629e-4,9.370798137356973e-4,le5_panelsize20,LE-event def: first
d_treated_{h=3},0.047394346627782774,0.008190875137003307,5.786237225577138,7.272927841501671e-9,prod_res_ma3,80419,102976,5799,29833,0.03513434648359248,0.03508749469892147,5.168243800616201e-4,5.07117832760251e-4,le5_panelsize20,LE-event def: first
d_treated_{h=3},0.02806361550938027,0.004060690032928403,6.911045975391021,4.9317817348462115e-12,tfp_cd_ma3,80420,85531,5799,29833,0.002219285120581782,0.0021609524275165715,7.411506821087821e-4,7.294668604271859e-4,le5_panelsize20,LE-event def: first
d_treated_{h=3},0.021408574760714987,0.0024592019886300396,8.705496685386617,3.3624265281148733e-18,tfp_tl_ma3,80421,85531,5799,29833,0.003951734608896973,0.0038935031990523505,0.0010663500296363981,0.0010546700103440942,le5_panelsize20,LE-event def: first
d_treated_{h=4},0.03307790283182155,0.010038074515886728,3.295243801933419,9.846997480979255e-4,prod_res_ma3,80422,77024,5799,27678,0.008258180431045092,0.008206674084841215,1.8969885079755944e-4,1.7671750462133762e-4,le5_panelsize20,LE-event def: first
d_treated_{h=4},0.03221285190846052,0.005392816428558052,5.973289158866047,2.36208341754229e-9,tfp_cd_ma3,80423,64038,5799,27678,0.0012384728523999744,0.0011760824270163894,8.187970522224308e-4,8.031928918216247e-4,le5_panelsize20,LE-event def: first
d_treated_{h=4},0.02292097667865106,0.0038792346303806137,5.908633754489388,3.502038359753328e-9,tfp_tl_ma3,80424,64038,5799,27678,0.0017706527956778961,0.0017082956143992245,0.0010343819591841497,0.001018781165561422,le5_panelsize20,LE-event def: first
d_treated_{h=-4},0.07393941577880885,0.005964461417783701,12.39666259862966,3.367284147470291e-35,prod_res_ma3,80501,110182,4630,28498,0.04448549542204605,0.044442132325519745,0.001626057737557307,0.0016169961094144591,le5_panelsize20,LE-event def: concentrated
d_treated_{h=-4},0.01645171747924787,0.003111446722715724,5.287481658978409,1.251172160392598e-7,tfp_cd_ma3,80502,91846,4630,28498,0.0027894929125011902,0.0027352022707826107,3.366407211805589e-4,3.257558849514286e-4,le5_panelsize20,LE-event def: concentrated
d_treated_{h=-4},0.013734570388714572,0.0020884322745494664,6.576497862099696,4.9175099568984294e-11,tfp_tl_ma3,80503,91846,4630,28498,0.006357390523711981,0.006303294127290138,5.709550727156509e-4,5.600727878187772e-4,le5_panelsize20,LE-event def: concentrated
d_treated_{h=-3},0.05288327474403616,0.004289180885877736,12.329457803506497,7.586780893051042e-35,prod_res_ma3,80504,139141,4630,31201,0.043941639899003904,0.04390041093871666,0.0013997942752204118,0.001392617020158915,le5_panelsize20,LE-event def: concentrated
d_treated_{h=-3},0.011557596940417343,0.0020281708989788433,5.698532084370423,1.221429376331267e-8,tfp_cd_ma3,80505,116297,4630,31201,0.0025637667135726128,0.0025123038414449628,2.907567445861181e-4,2.821600531830448e-4,le5_panelsize20,LE-event def: concentrated
d_treated_{h=-3},0.009554833089839218,0.0013049115542144967,7.32220743925502,2.509734967691976e-13,tfp_tl_ma3,80506,116297,4630,31201,0.006873645482888824,0.0068224049796030695,4.7021634107247134e-4,4.616211928768488e-4,le5_panelsize20,LE-event def: concentrated
d_treated_{h=-2},0.025977613662759403,0.0028015474412109464,9.272594595624906,1.921878734043571e-20,prod_res_ma3,80507,169358,4630,33620,0.03337503594452007,0.03333508097110183,7.523234557567093e-4,7.464229675575584e-4,le5_panelsize20,LE-event def: concentrated
d_treated_{h=-2},0.005631525675130414,0.001319551927545707,4.267756014425849,1.9808659453672124e-5,tfp_cd_ma3,80508,142119,4630,33620,0.0025149887893866074,0.0024658554001453226,1.6095295701390455e-4,1.5391733663938645e-4,le5_panelsize20,LE-event def: concentrated
d_treated_{h=-2},0.005036892114606002,8.337504284932246e-4,6.04124680776333,1.5482228767464036e-9,tfp_tl_ma3,80509,142119,4630,33620,0.005295415514754431,0.005246419081745057,2.9518699927066905e-4,2.881523234680161e-4,le5_panelsize20,LE-event def: concentrated
d_treated_{h=0},0.001633855846603581,0.0027406614278132615,0.5961538444780513,0.551076096109872,prod_res_ma3,80510,203248,4630,37074,0.02937094736152246,0.02933274095221572,2.4013477473161515e-6,-2.518955927843791e-6,le5_panelsize20,LE-event def: concentrated
d_treated_{h=0},-9.850340641276317e-4,0.0013496772589365316,-0.7298293407594213,0.4654999606221797,tfp_cd_ma3,80511,169840,4630,37074,0.002027688522921456,0.00198067838642213,4.303422612483843e-6,-1.584758559269872e-6,le5_panelsize20,LE-event def: concentrated
d_treated_{h=0},0.0011319677179474086,8.73838367071974e-4,1.2953971359032508,0.1951928042848513,tfp_tl_ma3,80512,169840,4630,37074,0.0047363347643128995,0.004689452220361101,1.265078016288168e-5,6.762648142144556e-6,le5_panelsize20,LE-event def: concentrated
d_treated_{h=1},0.0313060959881587,0.0046999951441178,6.660878368638171,2.764035870588437e-11,prod_res_ma3,80513,165139,4630,33620,0.03710740310862726,0.03706658552635478,3.9297127563453493e-4,3.869178572653009e-4,le5_panelsize20,LE-event def: concentrated
d_treated_{h=1},0.005469585862877462,0.0024416264469776096,2.2401403251705605,0.025089573613075632,tfp_cd_ma3,80514,137486,4630,33620,0.001875997337004054,0.0018251756199392233,5.325477460160766e-5,4.5981270875739e-5,le5_panelsize20,LE-event def: concentrated
d_treated_{h=1},0.008874674802377303,0.001498138880598369,5.923799800745232,3.182331586224059e-9,tfp_tl_ma3,80515,137486,4630,33620,0.0061226066243100785,0.00607200113285955,3.292764650579816e-4,3.2200496908374454e-4,le5_panelsize20,LE-event def: concentrated
d_treated_{h=2},0.06331164440117742,0.006589106607347523,9.608532411750405,7.898676746707304e-22,prod_res_ma3,80516,131821,4630,31142,0.03973771854358621,0.03969400866687556,0.001005140438106178,9.975616159813017e-4,le5_panelsize20,LE-event def: concentrated
d_treated_{h=2},0.020340398358627068,0.0037010202548571356,5.495889500181143,3.924430351894083e-8,tfp_cd_ma3,80517,109365,4630,31142,0.0023495689307792,0.002294832170904204,4.365686590271922e-4,4.274283727075945e-4,le5_panelsize20,LE-event def: concentrated
d_treated_{h=2},0.017289340000226815,0.0021699601534491855,7.96758409261347,1.6848389926147633e-15,tfp_tl_ma3,80518,109365,4630,31142,0.005572497014431521,0.005517937082666902,7.616272472821262e-4,7.524899333887225e-4,le5_panelsize20,LE-event def: concentrated
d_treated_{h=3},0.07503490639405086,0.009573084230020974,7.838112001432423,4.737507869636365e-15,prod_res_ma3,80519,101641,4630,28567,0.03587000780186933,0.035822576799153794,9.466873646315488e-4,9.368575489908659e-4,le5_panelsize20,LE-event def: concentrated
d_treated_{h=3},0.02620340356116377,0.00480772233389701,5.450273901305776,5.080773564551688e-8,tfp_cd_ma3,80520,84413,4630,28567,0.0018885473721161894,0.0018294224504492584,4.663764514758473e-4,4.545346181734633e-4,le5_panelsize20,LE-event def: concentrated
d_treated_{h=3},0.021143645877354865,0.0030550603409932116,6.9208603161274995,4.606757188195417e-12,tfp_tl_ma3,80521,84413,4630,28567,0.003460645708574628,0.0034016139129716683,7.4799170367712e-4,7.361532067717835e-4,le5_panelsize20,LE-event def: concentrated
d_treated_{h=4},0.06676086366665912,0.01197685074061646,5.574158442190194,2.513159349470194e-8,prod_res_ma3,80522,76145,4630,26474,0.00871227007667219,0.008660192969767833,5.322142134505103e-4,5.190875023158847e-4,le5_panelsize20,LE-event def: concentrated
d_treated_{h=4},0.027870317628329862,0.006412485338662677,4.346258300239984,1.3914151721538645e-5,tfp_cd_ma3,80523,63309,4630,26474,7.863075990800494e-4,7.231701232554011e-4,4.19923167678915e-4,4.041330110247099e-4,le5_panelsize20,LE-event def: concentrated
d_treated_{h=4},0.01897030043731732,0.0050736795471080075,3.7389630663864795,1.8528001094454894e-4,tfp_tl_ma3,80524,63309,4630,26474,0.0011443251662973664,0.0010812103125861228,4.8441494641326965e-4,4.6862580852224944e-4,le5_panelsize20,LE-event def: concentrated
d_treated_{h=-4},0.08588112470691986,0.006248866485234277,13.743472501749265,9.004166287163876e-43,prod_res_ma3,80601,72076,4401,19032,0.04252267936673604,0.04245625246784379,0.002769598058810274,0.0027557610891704165,le5_panelsize40,LE-event def: first
d_treated_{h=-4},0.0144271993315448,0.0031380200676882877,4.597548460604017,4.308398249580463e-6,tfp_cd_ma3,80602,60232,4401,19032,0.0030082434141605052,0.0029254725380782887,3.4978777968841523e-4,3.331894631437571e-4,le5_panelsize40,LE-event def: first
d_treated_{h=-4},0.012101897584192367,0.0018944403465571862,6.388112249712928,1.7269338303869633e-10,tfp_tl_ma3,80603,60232,4401,19032,0.007489037512582453,0.007406638634814833,6.300259893029514e-4,6.134323258684127e-4,le5_panelsize40,LE-event def: first
d_treated_{h=-3},0.06276810391323334,0.004511564454176642,13.912713549980412,8.40403860793491e-44,prod_res_ma3,80604,90388,4401,20596,0.042082321419588675,0.04201872944703389,0.002544617110982861,0.002533580992961526,le5_panelsize40,LE-event def: first
d_treated_{h=-3},0.010011450348628983,0.0021154497811385806,4.73253983048494,2.234959057277359e-6,tfp_cd_ma3,80605,75655,4401,20596,0.002836172710796281,0.002757082940230804,3.0304169679595816e-4,2.8982658260512384e-4,le5_panelsize40,LE-event def: first
d_treated_{h=-3},0.008577910456114977,0.0013387168859850043,6.407561259529121,1.5171510437848195e-10,tfp_tl_ma3,80606,75655,4401,20596,0.00815660218220482,0.008077934400017472,5.472857384050123e-4,5.340738529056033e-4,le5_panelsize40,LE-event def: first
d_treated_{h=-2},0.03272392919007592,0.0029592500358378267,11.058183253788853,2.37949759191849e-28,prod_res_ma3,80607,109029,4401,21939,0.03194393984182531,0.03188178307917311,0.0015975040180674638,0.00158834612650538,le5_panelsize40,LE-event def: first
d_treated_{h=-2},0.004979859848019746,0.0013587185194247526,3.665115163167198,2.4791824694531556e-4,tfp_cd_ma3,80608,91528,4401,21939,0.002722532295933555,0.002646254517590707,1.8223205116840724e-4,1.7130746891369508e-4,le5_panelsize40,LE-event def: first
d_treated_{h=-2},0.004746892724794712,8.615356341047038e-4,5.509804280733691,3.6402246493348526e-8,tfp_tl_ma3,80609,91528,4401,21939,0.0060572044430980965,0.005981181720535855,3.894474613861387e-4,3.785251432859571e-4,le5_panelsize40,LE-event def: first
d_treated_{h=0},-0.003138829571992109,0.0028535282309248675,-1.0999819584664743,0.27135107167523964,prod_res_ma3,80610,129590,4401,23880,0.02889024187473166,0.02883028803840537,1.2300466658010656e-5,4.583380823430794e-6,le5_panelsize40,LE-event def: first
d_treated_{h=0},8.355121828648806e-4,0.0013872391950905992,0.6022841524531133,0.5469917941516815,tfp_cd_ma3,80611,108199,4401,23880,0.002551547311002045,0.0024777919951547434,4.779217324335505e-6,-4.463736930082618e-6,le5_panelsize40,LE-event def: first
d_treated_{h=0},8.138390846923879e-4,8.70626094057796e-4,0.93477451485432,0.3499157328465551,tfp_tl_ma3,80612,108199,4401,23880,0.005654861252653576,0.005581335408213484,1.0443581667685109e-5,1.2006797689423365e-6,le5_panelsize40,LE-event def: first
d_treated_{h=1},0.017478640525090343,0.004698021235493174,3.720426036613163,1.993862168827976e-4,prod_res_ma3,80613,105182,4401,21939,0.034498929864183014,0.03443466961458763,1.7575661799584807e-4,1.6625023577798714e-4,le5_panelsize40,LE-event def: first
d_treated_{h=1},0.007395698361328208,0.0024486604742333046,3.0203037289781305,0.0025286965253131805,tfp_cd_ma3,80614,87561,4401,21939,0.0019892394652054612,0.001909446935837611,1.5409657802989418e-4,1.4267668489753582e-4,le5_panelsize40,LE-event def: first
d_treated_{h=1},0.007431757374210224,0.0014720840810965325,5.048459846583236,4.496600260820305e-7,tfp_tl_ma3,80615,87561,4401,21939,0.007493566836905274,0.007414214387164719,3.787691952351624e-4,3.6735186823544375e-4,le5_panelsize40,LE-event def: first
d_treated_{h=2},0.044132663967572795,0.006520848145565824,6.767933094344944,1.3422557865924455e-11,prod_res_ma3,80616,83762,4401,20561,0.035903925387459124,0.0358348599412448,7.230410134052567e-4,7.11110060518938e-4,le5_panelsize40,LE-event def: first
d_treated_{h=2},0.021097776839110155,0.0036469544228676003,5.785039897076907,7.3783384803631015e-9,tfp_cd_ma3,80617,69540,4401,20561,0.0025428606755174554,0.002456790135831999,7.541972821567544e-4,7.398264682595412e-4,le5_panelsize40,LE-event def: first
d_treated_{h=2},0.01518077560301525,0.002123158267935984,7.150091367316272,9.028545961285495e-13,tfp_tl_ma3,80618,69540,4401,20561,0.00697384077589025,0.006888152585313945,9.852034274444588e-4,9.708359357991636e-4,le5_panelsize40,LE-event def: first
d_treated_{h=3},0.04297728655705635,0.009206530615890503,4.668130520619505,3.0611751493659415e-6,prod_res_ma3,80619,64259,4401,19067,0.031035112133405485,0.030959709826286264,4.83943684814081e-4,4.6838774102442304e-4,le5_panelsize40,LE-event def: first
d_treated_{h=3},0.02803180252424162,0.004832344612118143,5.8008699242901365,6.728432289524335e-9,tfp_cd_ma3,80620,53443,4401,19067,0.0021905444145383646,0.002097181252722957,8.884706017473487e-4,8.697736028626668e-4,le5_panelsize40,LE-event def: first
d_treated_{h=3},0.017603334441700376,0.0029259520719364138,6.01627573142385,1.8257375713603697e-9,tfp_tl_ma3,80621,53443,4401,19067,0.004146731124158642,0.004053550999069677,9.060083984446798e-4,8.873117277558018e-4,le5_panelsize40,LE-event def: first
d_treated_{h=4},0.02515604727348649,0.011881959413152125,2.1171632050553293,0.03426110514242351,prod_res_ma3,80622,47922,4401,17817,0.00670585415582714,0.006622936264820245,1.218196151415718e-4,1.0095273740751143e-4,le5_panelsize40,LE-event def: first
d_treated_{h=4},0.03227708706519896,0.0064561955574058425,4.999397366173986,5.822706797609427e-7,tfp_cd_ma3,80623,39918,4401,17817,0.0012410963319255952,0.0011410027379918919,9.698710749919126e-4,9.44840881097142e-4,le5_panelsize40,LE-event def: first
d_treated_{h=4},0.016750970436498532,0.004782783389953868,3.502347706501528,4.6266000757692655e-4,tfp_tl_ma3,80624,39918,4401,17817,0.0012830856013098524,0.0011829962154557006,6.844829116383622e-4,6.594455674876487e-4,le5_panelsize40,LE-event def: first
d_treated_{h=-4},0.08516599361234073,0.006719801401277624,12.673885510388487,1.1914641411919817e-36,prod_res_ma3,80701,69486,3384,17923,0.04232533146622819,0.04225641417574655,0.0024777953895787075,0.0024634384206003723,le5_panelsize40,LE-event def: concentrated
d_treated_{h=-4},0.01509246968451658,0.00333648804484045,4.523459842110209,6.1310941045366736e-6,tfp_cd_ma3,80702,57992,3384,17923,0.002938873849480883,0.0028528995517064226,3.452832678875195e-4,3.280436804572462e-4,le5_panelsize40,LE-event def: concentrated
d_treated_{h=-4},0.013366400844531081,0.0020457909300141356,6.5336103745648755,6.630529262814875e-11,tfp_tl_ma3,80703,57992,3384,17923,0.0070646708294608285,0.006979052289712295,6.890058128397047e-4,6.717721530909992e-4,le5_panelsize40,LE-event def: concentrated
d_treated_{h=-3},0.06332207264645251,0.00493253137539096,12.83764214098557,1.436804644054607e-37,prod_res_ma3,80704,87371,3384,19445,0.041978913483880054,0.0419131183449315,0.00227136204982048,0.0022599416863074984,le5_panelsize40,LE-event def: concentrated
d_treated_{h=-3},0.011625691594923836,0.0023344544338074944,4.980046483906879,6.422252458961167e-7,tfp_cd_ma3,80705,73038,3384,19445,0.0028817860628235215,0.0027998659291319505,3.5657486351015066e-4,3.42886930644104e-4,le5_panelsize40,LE-event def: concentrated
d_treated_{h=-3},0.009913088313670682,0.0014674885621064869,6.75513838379842,1.4755184290159893e-11,tfp_tl_ma3,80706,73038,3384,19445,0.007927725540011976,0.007846219965026546,6.359066994762186e-4,6.222225914495061e-4,le5_panelsize40,LE-event def: concentrated
d_treated_{h=-2},0.031452300921367186,0.0033969544659742247,9.258970420831611,2.2600455349833594e-20,prod_res_ma3,80707,105652,3384,20732,0.03183233131375229,0.03176818026228878,0.0012340193362123664,0.0012245652642285387,le5_panelsize40,LE-event def: concentrated
d_treated_{h=-2},0.005320192246396262,0.0015722901870485284,3.383721586651393,7.166757196434762e-4,tfp_cd_ma3,80708,88589,3384,20732,0.002651477055931828,0.002572662867103448,1.7244302002372702e-4,1.61155864121465e-4,le5_panelsize40,LE-event def: concentrated
d_treated_{h=-2},0.005494234413660011,9.792691922096031e-4,5.610545555163369,2.0474827330933646e-8,tfp_tl_ma3,80709,88589,3384,20732,0.005986623532185598,0.005908072899033168,4.3186382888993347e-4,4.205796016157892e-4,le5_panelsize40,LE-event def: concentrated
d_treated_{h=0},0.0034009473006273512,0.0032375812540204607,1.0504592885210282,0.29351823146300843,prod_res_ma3,80710,125841,3384,22601,0.029121259393757426,0.02905953399858885,1.1530586812691368e-5,3.583574372245657e-6,le5_panelsize40,LE-event def: concentrated
d_treated_{h=0},-2.6257160401915833e-4,0.001627199311858238,-0.16136413167438313,0.8718083311614713,tfp_cd_ma3,80711,104947,3384,22601,0.0024876059444891574,0.0024115600969177864,3.715836855988641e-7,-9.157849202523494e-6,le5_panelsize40,LE-event def: concentrated
d_treated_{h=0},4.7346770082922103e-4,0.001035326339853024,0.45731252321508115,0.6474516592583888,tfp_tl_ma3,80712,104947,3384,22601,0.0055564983994105255,0.005480686510363597,2.780641762401004e-6,-6.748768168751695e-6,le5_panelsize40,LE-event def: concentrated
d_treated_{h=1},0.03036474859814915,0.005332383054307197,5.6944049759557736,1.254853666436904e-8,prod_res_ma3,80713,102560,3384,20732,0.034863060644838795,0.03479718227508011,4.1448584053449533e-4,4.047387316125084e-4,le5_panelsize40,LE-event def: concentrated
d_treated_{h=1},0.006311364115651977,0.0028571869797480256,2.208943327961187,0.027191644015854693,tfp_cd_ma3,80714,85300,3384,20732,0.0019327846122586534,0.0018508722346884943,8.664345817865904e-5,7.492004500342375e-5,le5_panelsize40,LE-event def: concentrated
d_treated_{h=1},0.007361526320716275,0.0017506920199488148,4.204923674086037,2.6248395666935007e-5,tfp_tl_ma3,80715,85300,3384,20732,0.007246246782028898,0.007164770485629246,2.860717469784779e-4,2.743506719861122e-4,le5_panelsize40,LE-event def: concentrated
d_treated_{h=2},0.06538663720091446,0.0074681749230679495,8.7553703380656,2.200706557809704e-18,prod_res_ma3,80716,81964,3384,19415,0.036556141086039884,0.03648560820717062,0.0011987442542678028,0.0011865573604606938,le5_panelsize40,LE-event def: concentrated
d_treated_{h=2},0.022869542885813474,0.004419100409143564,5.175158011457284,2.3048528828215885e-7,tfp_cd_ma3,80717,68005,3384,19415,0.0024532435826695176,0.0023652221623555736,6.623310533910853e-4,6.476344789484445e-4,le5_panelsize40,LE-event def: concentrated
d_treated_{h=2},0.016038611023125936,0.002620040486763844,6.121512665224539,9.486447924070842e-10,tfp_tl_ma3,80718,68005,3384,19415,0.006548563778041583,0.006460903720137967,8.17912088988626e-4,8.032178025697556e-4,le5_panelsize40,LE-event def: concentrated
d_treated_{h=3},0.07713968842703735,0.010877802146175888,7.0914774317857905,1.378063382179141e-12,prod_res_ma3,80719,63072,3384,17959,0.03190234699309702,0.03182559425366471,0.001075028596660088,0.0010591892383464696,le5_panelsize40,LE-event def: concentrated
d_treated_{h=3},0.029463130800537654,0.005948856009563913,4.9527389389102865,7.400363029814809e-7,tfp_cd_ma3,80720,52451,3384,17959,0.0019125555907174574,0.0018173999567762111,6.688394372020845e-4,6.497845957383896e-4,le5_panelsize40,LE-event def: concentrated
d_treated_{h=3},0.017754159113871945,0.0038396269911683168,4.623928093720826,3.7980664150711782e-6,tfp_tl_ma3,80721,52451,3384,17959,0.0036690275372024406,0.003574039361736503,6.243746565309793e-4,6.053189672308168e-4,le5_panelsize40,LE-event def: concentrated
d_treated_{h=4},0.06414060773882826,0.014755564688028569,4.346875846159015,1.3896454050517203e-5,prod_res_ma3,80722,47153,3384,16768,0.007245914239864426,0.007161689747986921,5.104907939976755e-4,4.892918139941527e-4,le5_panelsize40,LE-event def: concentrated
d_treated_{h=4},0.029868209615815048,0.00799355810696354,3.736534996823947,1.8737228878257925e-4,tfp_cd_ma3,80723,39283,3384,16768,7.578834450429062e-4,6.56122447379559e-4,5.345257135691561e-4,5.090797775672007e-4,le5_panelsize40,LE-event def: concentrated
d_treated_{h=4},0.012338672853247233,0.006796454402903557,1.8154573137393446,0.06947669864144347,tfp_tl_ma3,80724,39283,3384,16768,7.681488107952328e-4,6.663888585380917e-4,2.3792610525319446e-4,2.1247261796020211e-4,le5_panelsize40,LE-event def: concentrated
