name,Treated,Control,Norm. Diff.,sample,n_treated,n_control
age_cl,37.07514118885805,37.02823642019622,0.008181591728466449,le5_panelsize0,20897,20897
age_cl_sd,8.026406748977301,8.188057607255232,NA,le5_panelsize0,20897,20897
bnuls_siren0912,0.0962242302925002,0.10145701867135734,-0.07657421604355917,le5_panelsize0,20897,20897
bnuls_siren0912_sd,0.09136837400530767,0.10164224934252594,NA,le5_panelsize0,20897,20897
cgt_siren0912,0.32074672570040935,0.33433174783285635,-0.052348845893718195,le5_panelsize0,20897,20897
cgt_siren0912_sd,0.33220232243918413,0.3987760172360512,NA,le5_panelsize0,20897,20897
dads_eqtp_ma3,393.8458279070507,145.77064052159636,0.2771606801126824,le5_panelsize0,20897,20897
dads_eqtp_ma3_sd,1578.1361215693823,844.9908358775775,NA,le5_panelsize0,20897,20897
extwage_agreement_ind_07,0.7428869746802401,0.8128283712784589,-0.23876642131834797,le5_panelsize0,20897,20897
extwage_agreement_ind_07_sd,0.43709928909508045,0.39009194130616537,NA,le5_panelsize0,20897,20897
extwage_agreement_ind_07_alt,0.7252803261977574,0.7901681208767823,-0.21476568871521926,le5_panelsize0,20897,20897
extwage_agreement_ind_07_alt_sd,0.44642979798334365,0.40723181821201415,NA,le5_panelsize0,20897,20897
fe0212_idfhda_ma3,0.11462544835764853,0.1149033812793472,-0.0013525914158175683,le5_panelsize0,20897,20897
fe0212_idfhda_ma3_sd,0.2850611289373162,0.2960257367745523,NA,le5_panelsize0,20897,20897
fe0215_god2,2.4789582292727608,2.446696529885999,0.25977583667317483,le5_panelsize0,20897,20897
fe0215_god2_sd,0.17865067169723206,0.17256039687312882,NA,le5_panelsize0,20897,20897
fe0215_god2_d2FE,0.031748320508761606,0.024023856275697704,0.1491940638304723,le5_panelsize0,20897,20897
fe0215_god2_d2FE_sd,0.0706541950157226,0.07569957089636262,NA,le5_panelsize0,20897,20897
fe0215_god2_d2res,0.10652510606381861,0.06700105726153927,0.34783798257638465,le5_panelsize0,20897,20897
fe0215_god2_d2res_sd,0.1651813406321371,0.15607751551285823,NA,le5_panelsize0,20897,20897
fe0215_god2_q5_full,3.8252941176470587,3.6765742826363725,0.17505991509716862,le5_panelsize0,20897,20897
fe0215_god2_q5_full_sd,1.1809003727113012,1.2216076338767854,NA,le5_panelsize0,20897,20897
fe0215_le,2.467006972943052,2.4457566757669733,0.17275053812265986,le5_panelsize0,20897,20897
fe0215_le_sd,0.17529544048946746,0.17262326876708578,NA,le5_panelsize0,20897,20897
fe0215_le_d2FE,0.03176626922956669,0.023794844474334838,0.15444333398263982,le5_panelsize0,20897,20897
fe0215_le_d2FE_sd,0.07039745059354724,0.07549955550382,NA,le5_panelsize0,20897,20897
fe0215_le_d2res,0.09227574223149906,0.06589571150477841,0.23319813107746734,le5_panelsize0,20897,20897
fe0215_le_d2res_sd,0.16314878575643701,0.1567468192505624,NA,le5_panelsize0,20897,20897
fe0215_le_q5_full,3.7682835018283503,3.6608840537096934,0.1267457958526525,le5_panelsize0,20897,20897
fe0215_le_q5_full_sd,1.1811127600457576,1.215341725004003,NA,le5_panelsize0,20897,20897
fe0215_mlo,2.4743527891866086,2.44506896148175,0.23813201371225168,le5_panelsize0,20897,20897
fe0215_mlo_sd,0.1752561127592478,0.17255379090980408,NA,le5_panelsize0,20897,20897
fe0215_mlo_d2FE,0.031667426698154456,0.023931922081744002,0.14951503932201016,le5_panelsize0,20897,20897
fe0215_mlo_d2FE_sd,0.07059000933615925,0.07565741143203629,NA,le5_panelsize0,20897,20897
fe0215_mlo_d2res,0.10224146108172681,0.06638312009536124,0.31842688146210013,le5_panelsize0,20897,20897
fe0215_mlo_d2res_sd,0.16220357963360088,0.15625257511814314,NA,le5_panelsize0,20897,20897
fe0215_mlo_le,2.4654028899813394,2.4445568121259043,0.1696133405009417,le5_panelsize0,20897,20897
fe0215_mlo_le_sd,0.17482384391699826,0.17279389997152825,NA,le5_panelsize0,20897,20897
fe0215_mlo_le_d2FE,0.031749367859293366,0.023748434747631407,0.15498066206985156,le5_panelsize0,20897,20897
fe0215_mlo_le_d2FE_sd,0.07040239521019392,0.07552625790246187,NA,le5_panelsize0,20897,20897
fe0215_mlo_le_d2res,0.0913932798802362,0.06558525543870006,0.22810521480172288,le5_panelsize0,20897,20897
fe0215_mlo_le_d2res_sd,0.16296469265246089,0.15699026304806044,NA,le5_panelsize0,20897,20897
fe0215_mlo_le_q5_full,3.765072876889152,3.6561611606705227,0.12849033830436707,le5_panelsize0,20897,20897
fe0215_mlo_le_q5_full_sd,1.1810100607849767,1.2161795583330357,NA,le5_panelsize0,20897,20897
fe0215_mlo_q5_full,3.8120887937951324,3.6664707610931533,0.17192512739678367,le5_panelsize0,20897,20897
fe0215_mlo_q5_full_sd,1.1767165389422993,1.2185539290349912,NA,le5_panelsize0,20897,20897
hhi_comp_sirze_eqtp_ma3,0.0011632869828130455,7.703645436546147e-4,0.07857764792760864,le5_panelsize0,20897,20897
hhi_comp_sirze_eqtp_ma3_sd,0.008168770940596358,0.005769626622638718,NA,le5_panelsize0,20897,20897
hhi_comp_sirzecs1_ma3,0.00104756719440851,6.290734021953349e-4,0.08725976950369174,le5_panelsize0,20897,20897
hhi_comp_sirzecs1_ma3_sd,0.008084436610969954,0.005162030849628782,NA,le5_panelsize0,20897,20897
hours_agreement_ind_07,0.5505090054815975,0.5584500875656743,-0.02259330833190688,le5_panelsize0,20897,20897
hours_agreement_ind_07_sd,0.4975072345379258,0.4966261971830315,NA,le5_panelsize0,20897,20897
hours_agreement_ind_07_alt,0.5374617737003058,0.5428814641413067,-0.01537734459500523,le5_panelsize0,20897,20897
hours_agreement_ind_07_alt_sd,0.4986581840484469,0.49821080153076336,NA,le5_panelsize0,20897,20897
ln_apl_ma3,3.823835907089573,3.879398141622803,-0.13936427776312074,le5_panelsize0,20897,20897
ln_apl_ma3_sd,0.5850928165111506,0.5417198987002126,NA,le5_panelsize0,20897,20897
ln_apl_ma3_d2FE,0.026449947033134965,0.03728798917632244,-0.08474740725423248,le5_panelsize0,20897,20897
ln_apl_ma3_d2FE_sd,0.17760587685506313,0.1840540509281716,NA,le5_panelsize0,20897,20897
ln_apl_ma3_d2res,-0.039678210391054215,0.005083467487435752,-0.12365820791575304,le5_panelsize0,20897,20897
ln_apl_ma3_d2res_sd,0.5324517964886838,0.4905204895100718,NA,le5_panelsize0,20897,20897
ln_apl_mean_0215,3.9044084956439664,3.9913174827691082,-0.18574748282720083,le5_panelsize0,20897,20897
ln_apl_mean_0215_sd,0.7473714424331229,0.5631270035226248,NA,le5_panelsize0,20897,20897
ln_apl_mean_0215_d2FE,0.043954161743410394,0.0569578598887757,-0.09330393666618145,le5_panelsize0,20897,20897
ln_apl_mean_0215_d2FE_sd,0.1920518862338162,0.20201783608152465,NA,le5_panelsize0,20897,20897
ln_apl_mean_0215_d2res,0.18866262686785767,0.2625702462147209,-0.17001913346063882,le5_panelsize0,20897,20897
ln_apl_mean_0215_d2res_sd,0.695468363446075,0.5217147623576784,NA,le5_panelsize0,20897,20897
ln_emp_ma3,4.2739062589556776,3.8089040011060806,0.2591065598421052,le5_panelsize0,20897,20897
ln_emp_ma3_sd,2.639802657633996,2.4319399489789815,NA,le5_panelsize0,20897,20897
ln_emp_mean_0215,3.6643626953652615,3.5032630577120965,0.09104158015710509,le5_panelsize0,20897,20897
ln_emp_mean_0215_sd,2.5643127396931926,2.439070310803565,NA,le5_panelsize0,20897,20897
ln_lshare_ma3,-0.24166894613007994,-0.30468569356138486,0.24708025476678286,le5_panelsize0,20897,20897
ln_lshare_ma3_sd,0.3810525071637057,0.33910492178063373,NA,le5_panelsize0,20897,20897
ln_lshare_ma3_d2FE,0.08562303397516659,0.05765212212806263,0.21728165961286192,le5_panelsize0,20897,20897
ln_lshare_ma3_d2FE_sd,0.183861102908205,0.18022736194748418,NA,le5_panelsize0,20897,20897
ln_lshare_ma3_d2res,0.23150742359183266,0.19646356905893178,0.13112404026410995,le5_panelsize0,20897,20897
ln_lshare_ma3_d2res_sd,0.39503451747866286,0.3600743644570076,NA,le5_panelsize0,20897,20897
ln_lshare_mean_0215,-0.1437513817436835,-0.24222635749484425,0.36731809704202745,le5_panelsize0,20897,20897
ln_lshare_mean_0215_sd,0.426705758163812,0.3246768910116677,NA,le5_panelsize0,20897,20897
ln_lshare_mean_0215_d2FE,0.09364770052782008,0.05824944859696613,0.23208634822715976,le5_panelsize0,20897,20897
ln_lshare_mean_0215_d2FE_sd,0.20162292390689848,0.22891029343789063,NA,le5_panelsize0,20897,20897
ln_lshare_mean_0215_d2res,0.319242439060068,0.25616219353279257,0.21640370038517132,le5_panelsize0,20897,20897
ln_lshare_mean_0215_d2res_sd,0.4495361510336388,0.3712018391699703,NA,le5_panelsize0,20897,20897
ln_va_ma3,8.040093982856206,7.653088234479787,0.20023007741605836,le5_panelsize0,20897,20897
ln_va_ma3_sd,2.8337382130932673,2.6292342137283646,NA,le5_panelsize0,20897,20897
ln_va_mean_0215,7.552837292184866,7.481366687137784,0.036216606228851485,le5_panelsize0,20897,20897
ln_va_mean_0215_sd,2.924464860597636,2.6504837925829126,NA,le5_panelsize0,20897,20897
mean_age_eqtp_ma3,37.50194924105599,36.81147995609715,0.15908973142557903,le5_panelsize0,20897,20897
mean_age_eqtp_ma3_sd,5.875855323447932,6.3891358180155144,NA,le5_panelsize0,20897,20897
mean_sbr_eqtp_ma3,30211.10619659342,27406.421420779527,0.2016250941432796,le5_panelsize0,20897,20897
mean_sbr_eqtp_ma3_sd,21495.410045671542,17661.929233210492,NA,le5_panelsize0,20897,20897
mean_sx_eqtp_ma3,0.6337843687706161,0.6274367906949142,0.027359346668243405,le5_panelsize0,20897,20897
mean_sx_eqtp_ma3_sd,0.31014686762230476,0.3451364119585727,NA,le5_panelsize0,20897,20897
mean_tenure_eqtp_ma3,2.093319646404555,2.206214864697334,-0.15919847530946257,le5_panelsize0,20897,20897
mean_tenure_eqtp_ma3_sd,0.9374750528457075,1.0642846690496337,NA,le5_panelsize0,20897,20897
naf2d_ma3,46.731597693351425,46.20438328236494,0.034545392463268584,le5_panelsize0,20897,20897
naf2d_ma3_sd,21.650753113869158,21.51506632549446,NA,le5_panelsize0,20897,20897
nbheur2,1594.043170288121,1577.9540081359178,0.04687818454278668,le5_panelsize0,20897,20897
nbheur2_sd,484.8956342843389,485.8544255405115,NA,le5_panelsize0,20897,20897
nbheur3,1476.9208385182349,1455.7627662120124,0.05142471033848032,le5_panelsize0,20897,20897
nbheur3_sd,588.842702985914,574.794477916146,NA,le5_panelsize0,20897,20897
nbsa_ent1,1030.4362496410454,1103.9756879636277,-0.016480433816092276,le5_panelsize0,20897,20897
nbsa_ent1_sd,6487.921842790308,6128.030089287435,NA,le5_panelsize0,20897,20897
participation_siren0912,0.6034011570121178,0.6146354093741815,-0.06067115172296466,le5_panelsize0,20897,20897
participation_siren0912_sd,0.2649603377410925,0.25873199696401444,NA,le5_panelsize0,20897,20897
prod_res_ma3,0.20016069880396176,0.22794797785684326,-0.0745891544013989,le5_panelsize0,20897,20897
prod_res_ma3_sd,0.5531908155075784,0.49911677401713384,NA,le5_panelsize0,20897,20897
prod_res_ma3_d2FE,0.06463452381588723,0.04489694126860018,0.12956836362869248,le5_panelsize0,20897,20897
prod_res_ma3_d2FE_sd,0.21965009229979007,0.21112941969268184,NA,le5_panelsize0,20897,20897
prod_res_ma3_d2res,0.04780958322284417,0.09533444482301957,-0.14499565376797074,le5_panelsize0,20897,20897
prod_res_ma3_d2res_sd,0.4850426502018452,0.4409758943126109,NA,le5_panelsize0,20897,20897
prod_res_mean_0215,0.126461841855652,0.14715868023939116,-0.04532776513720236,le5_panelsize0,20897,20897
prod_res_mean_0215_sd,0.7306727663378914,0.5477829135630583,NA,le5_panelsize0,20897,20897
prod_res_mean_0215_d2FE,0.09664349966655177,0.06703481092680186,0.14243305599143638,le5_panelsize0,20897,20897
prod_res_mean_0215_d2FE_sd,0.32447927944691857,0.25993485939280125,NA,le5_panelsize0,20897,20897
prod_res_mean_0215_d2res,0.13305236994095618,0.18335789706447528,-0.13718161364070638,le5_panelsize0,20897,20897
prod_res_mean_0215_d2res_sd,0.5732551572103493,0.45746704634463325,NA,le5_panelsize0,20897,20897
sbrhour2,15.311187330842007,15.183657031997479,0.014544906218443523,le5_panelsize0,20897,20897
sbrhour2_sd,12.150120941441156,12.644704945836635,NA,le5_panelsize0,20897,20897
sbrhour3,15.164134406341404,14.844323482331031,0.0179228647618578,le5_panelsize0,20897,20897
sbrhour3_sd,24.612007693611726,25.84270085965516,NA,le5_panelsize0,20897,20897
shinscrit_carence_siren0912,0.1754610897560464,0.25567943891684625,-0.2927113108228999,le5_panelsize0,20897,20897
shinscrit_carence_siren0912_sd,0.3579467290253541,0.4150829426375221,NA,le5_panelsize0,20897,20897
shinscrit_sup10cgt_siren0912,0.5156442435577182,0.4867311935993518,0.10332749979345382,le5_panelsize0,20897,20897
shinscrit_sup10cgt_siren0912_sd,0.38871311583922175,0.4026138814576563,NA,le5_panelsize0,20897,20897
sx,0.6042404518043457,0.5899976070830342,0.04107033955341332,le5_panelsize0,20897,20897
sx_sd,0.4890249215079364,0.49184551256090775,NA,le5_panelsize0,20897,20897
tfp_cd_ma3,-0.1753081502421807,-0.13305921002264218,-0.21185446489724116,le5_panelsize0,20897,20897
tfp_cd_ma3_sd,0.29663344070488307,0.2666250116868235,NA,le5_panelsize0,20897,20897
tfp_cd_ma3_d2FE,0.008358817000661073,0.01594807228783769,-0.12413175460610322,le5_panelsize0,20897,20897
tfp_cd_ma3_d2FE_sd,0.08569208014739876,0.08722748768314834,NA,le5_panelsize0,20897,20897
tfp_cd_ma3_d2res,-0.04984915629182952,-0.015189471359466982,-0.18665942861853685,le5_panelsize0,20897,20897
tfp_cd_ma3_d2res_sd,0.2752539559651294,0.24929816527191012,NA,le5_panelsize0,20897,20897
tfp_cd_mean_0215,-0.17520617146064005,-0.11425194055694819,-0.24370135001198917,le5_panelsize0,20897,20897
tfp_cd_mean_0215_sd,0.3746484740231727,0.33147503453898963,NA,le5_panelsize0,20897,20897
tfp_cd_mean_0215_d2FE,0.014491591675549248,0.022206156471401,-0.12692657059934756,le5_panelsize0,20897,20897
tfp_cd_mean_0215_d2FE_sd,0.08396098841130453,0.0879048508584067,NA,le5_panelsize0,20897,20897
tfp_cd_mean_0215_d2res,-0.009786927900943763,0.043452738206880524,-0.2215792405993467,le5_panelsize0,20897,20897
tfp_cd_mean_0215_d2res_sd,0.35990346019517344,0.318426320249708,NA,le5_panelsize0,20897,20897
tfp_tl_ma3,-0.07319127086973766,-0.060835045455339784,-0.09878583590418454,le5_panelsize0,20897,20897
tfp_tl_ma3_sd,0.19054121840434446,0.1620956888022874,NA,le5_panelsize0,20897,20897
tfp_tl_ma3_d2FE,0.002210214994143011,-1.3656097958716518e-5,0.08737523821843773,le5_panelsize0,20897,20897
tfp_tl_ma3_d2FE_sd,0.03592367495644495,0.036065200746173566,NA,le5_panelsize0,20897,20897
tfp_tl_ma3_d2res,-0.03173617692454587,-0.01715608041804694,-0.12067432585422153,le5_panelsize0,20897,20897
tfp_tl_ma3_d2res_sd,0.18486468815692106,0.15561726931312597,NA,le5_panelsize0,20897,20897
tfp_tl_mean_0215,-0.1232059796877323,-0.08209511531120771,-0.24440651551434198,le5_panelsize0,20897,20897
tfp_tl_mean_0215_sd,0.2661229439226647,0.20579804396945417,NA,le5_panelsize0,20897,20897
tfp_tl_mean_0215_d2FE,0.005057902342430009,0.003695918206124653,0.046515580914630254,le5_panelsize0,20897,20897
tfp_tl_mean_0215_d2FE_sd,0.041200664515942155,0.04161512660605534,NA,le5_panelsize0,20897,20897
tfp_tl_mean_0215_d2res,-0.029693811859738736,0.01277903665310265,-0.25548731886628095,le5_panelsize0,20897,20897
tfp_tl_mean_0215_d2res_sd,0.26475327596302733,0.20112674410091375,NA,le5_panelsize0,20897,20897
wage_agreement_fail_07,0.3098407726442182,0.2410245183887916,0.21847336640107956,le5_panelsize0,20897,20897
wage_agreement_fail_07_sd,0.46248816310343194,0.4277519784138836,NA,le5_panelsize0,20897,20897
wage_agreement_fail_07_alt,0.3024974515800204,0.23430517131304532,0.2182527424064931,le5_panelsize0,20897,20897
wage_agreement_fail_07_alt_sd,0.45939800487832777,0.4236088358419738,NA,le5_panelsize0,20897,20897
wage_agreement_ind_07,0.6147220046985121,0.6530210157618214,-0.11250617122808373,le5_panelsize0,20897,20897
wage_agreement_ind_07_sd,0.48672445948486764,0.47606111180461774,NA,le5_panelsize0,20897,20897
wage_agreement_ind_07_alt,0.6001529051987767,0.6348159182804852,-0.10091813383420432,le5_panelsize0,20897,20897
wage_agreement_ind_07_alt_sd,0.4899291432943295,0.4815329828513462,NA,le5_panelsize0,20897,20897
wage_agreement_num_07,2.4194727225267556,2.473949211908932,-0.020149322948762583,le5_panelsize0,20897,20897
wage_agreement_num_07_sd,3.980464939153157,3.659856258603108,NA,le5_panelsize0,20897,20897
wage_agreement_num_07_alt,2.362130479102956,2.404979782932539,-0.01597150600379041,le5_panelsize0,20897,20897
wage_agreement_num_07_alt_sd,3.950187306651814,3.6313849824580005,NA,le5_panelsize0,20897,20897
wage_agreement_share_07,0.520197580868723,0.5807506229219577,-0.19062730233688588,le5_panelsize0,20897,20897
wage_agreement_share_07_sd,0.44653409207274825,0.45190388370594375,NA,le5_panelsize0,20897,20897
wage_agreement_share_07_alt,0.5078687391203053,0.5645602991077895,-0.17737910698516343,le5_panelsize0,20897,20897
wage_agreement_share_07_alt_sd,0.4482508809998888,0.455702806119852,NA,le5_panelsize0,20897,20897
year_cre,1991.965580091132,1990.4539260583044,0.1429995888765224,le5_panelsize0,20897,20897
year_cre_sd,15.232770716102175,14.661174621198716,NA,le5_panelsize0,20897,20897
age_cl,37.59439626417612,37.482283172720535,0.020219599670915366,le5_panelsize10,13493,13493
age_cl_sd,7.75341114990168,7.928596881200358,NA,le5_panelsize10,13493,13493
bnuls_siren0912,0.09521756222623286,0.10227438147981244,-0.10561172990581053,le5_panelsize10,13493,13493
bnuls_siren0912_sd,0.08915119344058448,0.09955361363059294,NA,le5_panelsize10,13493,13493
cgt_siren0912,0.32111529113295606,0.324616546916199,-0.014115460603744495,le5_panelsize10,13493,13493
cgt_siren0912_sd,0.3333620781029058,0.3673868467380181,NA,le5_panelsize10,13493,13493
dads_eqtp_ma3,404.7654427085835,202.4074428457558,0.2176120857722124,le5_panelsize10,13493,13493
dads_eqtp_ma3_sd,1570.9881725222863,995.4245440428969,NA,le5_panelsize10,13493,13493
extwage_agreement_ind_07,0.7453399122807017,0.7953626887896192,-0.16846986260532698,le5_panelsize10,13493,13493
extwage_agreement_ind_07_sd,0.4357297011914023,0.4034792585076403,NA,le5_panelsize10,13493,13493
extwage_agreement_ind_07_alt,0.7281735404392072,0.7739598426826744,-0.14994341669641517,le5_panelsize10,13493,13493
extwage_agreement_ind_07_alt_sd,0.4449605139480235,0.41830876790018384,NA,le5_panelsize10,13493,13493
fe0212_idfhda_ma3,0.13199505974594022,0.1272995720203053,0.02538569180396271,le5_panelsize10,13493,13493
fe0212_idfhda_ma3_sd,0.2637452397936214,0.25939932170918384,NA,le5_panelsize10,13493,13493
fe0215_god2,2.526245426164045,2.492398134649373,0.344327499567199,le5_panelsize10,13493,13493
fe0215_god2_sd,0.14988731851738485,0.1272207510380907,NA,le5_panelsize10,13493,13493
fe0215_god2_d2FE,0.045883927021783164,0.036606215395144213,0.19171148097803026,le5_panelsize10,13493,13493
fe0215_god2_d2FE_sd,0.06505537168177743,0.07166427632883703,NA,le5_panelsize10,13493,13493
fe0215_god2_d2res,0.14319302991322333,0.09985313202360177,0.47580146792497313,le5_panelsize10,13493,13493
fe0215_god2_d2res_sd,0.13791707622029512,0.11902570599969044,NA,le5_panelsize10,13493,13493
fe0215_god2_q5_full,4.165990259740259,4.0289185361854365,0.2000007518663185,le5_panelsize10,13493,13493
fe0215_god2_q5_full_sd,0.9672597150436842,0.9712158652964755,NA,le5_panelsize10,13493,13493
fe0215_le,2.5110215758193184,2.4903541041476065,0.21782891956928652,le5_panelsize10,13493,13493
fe0215_le_sd,0.14218185410755738,0.12566902285936285,NA,le5_panelsize10,13493,13493
fe0215_le_d2FE,0.045602090907160844,0.036306024424305,0.19294127883763157,le5_panelsize10,13493,13493
fe0215_le_d2FE_sd,0.06476228613849823,0.07135409502315336,NA,le5_panelsize10,13493,13493
fe0215_le_d2res,0.12545825707174826,0.09773142710394118,0.3133681424688563,le5_panelsize10,13493,13493
fe0215_le_d2res_sd,0.1317440939061769,0.11814555892240916,NA,le5_panelsize10,13493,13493
fe0215_le_q5_full,4.096142915144133,4.005142729373183,0.1325430950259435,le5_panelsize10,13493,13493
fe0215_le_q5_full_sd,0.973923729690686,0.9679819493354258,NA,le5_panelsize10,13493,13493
fe0215_mlo,2.519785140208715,2.490512402711402,0.30362679183244157,le5_panelsize10,13493,13493
fe0215_mlo_sd,0.14531291314739597,0.12674347743450212,NA,le5_panelsize10,13493,13493
fe0215_mlo_d2FE,0.045749765725844715,0.03650582110297516,0.1912131329987428,le5_panelsize10,13493,13493
fe0215_mlo_d2FE_sd,0.06497391755573298,0.07160189800031305,NA,le5_panelsize10,13493,13493
fe0215_mlo_d2res,0.1368695799764239,0.09899988876412225,0.4232317938070704,le5_panelsize10,13493,13493
fe0215_mlo_d2res_sd,0.13381113287836996,0.11882516259860229,NA,le5_panelsize10,13493,13493
fe0215_mlo_le,2.509026588630831,2.489042457475511,0.21131653845288503,le5_panelsize10,13493,13493
fe0215_mlo_le_sd,0.1413935739336191,0.12562456894223184,NA,le5_panelsize10,13493,13493
fe0215_mlo_le_d2FE,0.04556229171778778,0.03627351957848836,0.19276363857034648,le5_panelsize10,13493,13493
fe0215_mlo_le_d2FE_sd,0.06475861602106565,0.07137514196920966,NA,le5_panelsize10,13493,13493
fe0215_mlo_le_d2res,0.12420490319687788,0.09730154425304825,0.3044125709035624,le5_panelsize10,13493,13493
fe0215_mlo_le_d2res_sd,0.1313495256635669,0.11827912001020587,NA,le5_panelsize10,13493,13493
fe0215_mlo_le_q5_full,4.091270807957775,4.000223596929269,0.13265383712205864,le5_panelsize10,13493,13493
fe0215_mlo_le_q5_full_sd,0.974059001348212,0.9672252563761684,NA,le5_panelsize10,13493,13493
fe0215_mlo_q5_full,4.147101802240623,4.016471640456138,0.19109389970202245,le5_panelsize10,13493,13493
fe0215_mlo_q5_full_sd,0.9663264256591418,0.967162079043206,NA,le5_panelsize10,13493,13493
hhi_comp_sirze_eqtp_ma3,0.0013489317192642665,0.0010050413724034073,0.06149939164241582,le5_panelsize10,13493,13493
hhi_comp_sirze_eqtp_ma3_sd,0.008818403855704393,0.0068780260988122776,NA,le5_panelsize10,13493,13493
hhi_comp_sirzecs1_ma3,0.0012123104644222308,9.498444037486686e-4,0.04571731048289726,le5_panelsize10,13493,13493
hhi_comp_sirzecs1_ma3_sd,0.00871114712001204,0.007480323174881417,NA,le5_panelsize10,13493,13493
hours_agreement_ind_07,0.5603070175438597,0.5196766645394597,0.1153712202658145,le5_panelsize10,13493,13493
hours_agreement_ind_07_sd,0.4964177836128825,0.4996658263130746,NA,le5_panelsize10,13493,13493
hours_agreement_ind_07_alt,0.547402249598286,0.5056924032291451,0.11822906074177787,le5_panelsize10,13493,13493
hours_agreement_ind_07_alt_sd,0.4978146191873453,0.5000193492966604,NA,le5_panelsize10,13493,13493
ln_apl_ma3,3.883542180472853,3.9376702689538314,-0.13516254908735273,le5_panelsize10,13493,13493
ln_apl_ma3_sd,0.5984777878541307,0.5322765970133435,NA,le5_panelsize10,13493,13493
ln_apl_ma3_d2FE,0.043503456373138474,0.051376008998289945,-0.06065031940047797,le5_panelsize10,13493,13493
ln_apl_ma3_d2FE_sd,0.17929749368935974,0.1877418059776705,NA,le5_panelsize10,13493,13493
ln_apl_ma3_d2res,0.002974553652223318,0.0492300895080113,-0.12751964881177563,le5_panelsize10,13493,13493
ln_apl_ma3_d2res_sd,0.5435464027849936,0.48047592241276743,NA,le5_panelsize10,13493,13493
ln_apl_mean_0215,3.9822257073386966,4.037601342663787,-0.11818489045993034,le5_panelsize10,13493,13493
ln_apl_mean_0215_sd,0.760810103250831,0.547108511950301,NA,le5_panelsize10,13493,13493
ln_apl_mean_0215_d2FE,0.06170918842220183,0.07554306007314025,-0.09780079619648267,le5_panelsize10,13493,13493
ln_apl_mean_0215_d2FE_sd,0.19434652022770124,0.20557541272737986,NA,le5_panelsize10,13493,13493
ln_apl_mean_0215_d2res,0.24872481188375087,0.29026657555791135,-0.09493488621826524,le5_panelsize10,13493,13493
ln_apl_mean_0215_d2res_sd,0.7111446611063831,0.5100824001618451,NA,le5_panelsize10,13493,13493
ln_emp_ma3,5.252847426840958,4.89763283119641,0.2341186882498222,le5_panelsize10,13493,13493
ln_emp_ma3_sd,2.2157166210615022,2.073327576302651,NA,le5_panelsize10,13493,13493
ln_emp_mean_0215,4.794067398570318,4.7828696925803,0.0075473904864865665,le5_panelsize10,13493,13493
ln_emp_mean_0215_sd,2.169815602480167,2.0240556174959723,NA,le5_panelsize10,13493,13493
ln_lshare_ma3,-0.21868200960837103,-0.31548202825845917,0.36707776360706634,le5_panelsize10,13493,13493
ln_lshare_ma3_sd,0.3940559147020401,0.35054238341608934,NA,le5_panelsize10,13493,13493
ln_lshare_ma3_d2FE,0.11009815880069064,0.0758471043296429,0.25840881728370035,le5_panelsize10,13493,13493
ln_lshare_ma3_d2FE_sd,0.1863588737003187,0.18853152546451935,NA,le5_panelsize10,13493,13493
ln_lshare_ma3_d2res,0.23001923528811888,0.16747027110899596,0.22619636165716533,le5_panelsize10,13493,13493
ln_lshare_ma3_d2res_sd,0.41289738963128175,0.367940480913155,NA,le5_panelsize10,13493,13493
ln_lshare_mean_0215,-0.1092779478941433,-0.2545349797880114,0.5252909042942865,le5_panelsize10,13493,13493
ln_lshare_mean_0215_sd,0.42859380733148944,0.3495364259424324,NA,le5_panelsize10,13493,13493
ln_lshare_mean_0215_d2FE,0.12189268398614636,0.07643474614324254,0.28000120006018947,le5_panelsize10,13493,13493
ln_lshare_mean_0215_d2FE_sd,0.20357734092717075,0.25295288932439147,NA,le5_panelsize10,13493,13493
ln_lshare_mean_0215_d2res,0.32547088945126185,0.22567179540032634,0.3283244430522169,le5_panelsize10,13493,13493
ln_lshare_mean_0215_d2res_sd,0.45930920872405584,0.3982632299202395,NA,le5_panelsize10,13493,13493
ln_va_ma3,9.139524621158865,8.841161385070583,0.18324229226616867,le5_panelsize10,13493,13493
ln_va_ma3_sd,2.369366787707638,2.2340143956732668,NA,le5_panelsize10,13493,13493
ln_va_mean_0215,8.778816600783227,8.814939575947596,-0.02144150616051097,le5_panelsize10,13493,13493
ln_va_mean_0215_sd,2.5141692183921722,2.243235334840656,NA,le5_panelsize10,13493,13493
mean_age_eqtp_ma3,37.97716774014097,37.55640720814084,0.10924858020861442,le5_panelsize10,13493,13493
mean_age_eqtp_ma3_sd,5.309688894065524,5.5803661937215425,NA,le5_panelsize10,13493,13493
mean_sbr_eqtp_ma3,31987.575061463536,30058.250808230343,0.13743232666000368,le5_panelsize10,13493,13493
mean_sbr_eqtp_ma3_sd,20098.83475444946,19604.56233575541,NA,le5_panelsize10,13493,13493
mean_sx_eqtp_ma3,0.643210537566331,0.6418423863034947,0.0067247482179893835,le5_panelsize10,13493,13493
mean_sx_eqtp_ma3_sd,0.2773083215033064,0.2977717320910091,NA,le5_panelsize10,13493,13493
mean_tenure_eqtp_ma3,2.128387736296858,2.198497718307806,-0.10755779091270824,le5_panelsize10,13493,13493
mean_tenure_eqtp_ma3_sd,0.8911597344097683,0.9515209878499531,NA,le5_panelsize10,13493,13493
naf2d_ma3,45.009009009009006,43.817342098693516,0.076694371089577107,le5_panelsize10,13493,13493
naf2d_ma3_sd,22.068844938189525,21.878466181360935,NA,le5_panelsize10,13493,13493
nbheur2,1639.5512563931509,1625.587842846553,0.0436761429489051,le5_panelsize10,13493,13493
nbheur2_sd,451.7617592539848,452.49585024048156,NA,le5_panelsize10,13493,13493
nbheur3,1541.8018679119414,1519.9273535952557,0.05619722442254794,le5_panelsize10,13493,13493
nbheur3_sd,553.3168926091286,547.620781490937,NA,le5_panelsize10,13493,13493
nbsa_ent1,1569.1997628048327,1662.555300222387,-0.01717320838455434,le5_panelsize10,13493,13493
nbsa_ent1_sd,7855.2864197964,7516.639195273725,NA,le5_panelsize10,13493,13493
participation_siren0912,0.6149302546879281,0.6188523793541081,-0.02159216243858508,le5_panelsize10,13493,13493
participation_siren0912_sd,0.25725726821160505,0.2565139770028057,NA,le5_panelsize10,13493,13493
prod_res_ma3,0.2575811318155081,0.27922866213355546,-0.05880752459144453,le5_panelsize10,13493,13493
prod_res_ma3_sd,0.5586678402189003,0.47948383342469675,NA,le5_panelsize10,13493,13493
prod_res_ma3_d2FE,0.08543853159091404,0.05691984769637484,0.19148746407115796,le5_panelsize10,13493,13493
prod_res_ma3_d2FE_sd,0.21523965315118757,0.20590120876694828,NA,le5_panelsize10,13493,13493
prod_res_ma3_d2res,0.08442600845941409,0.13459222267200094,-0.153219242459625,le5_panelsize10,13493,13493
prod_res_ma3_d2res_sd,0.4938181770640924,0.4300521384974477,NA,le5_panelsize10,13493,13493
prod_res_mean_0215,0.1888543887910546,0.1937803406085989,-0.010823810738104688,le5_panelsize10,13493,13493
prod_res_mean_0215_sd,0.7446998661804998,0.52335275627738,NA,le5_panelsize10,13493,13493
prod_res_mean_0215_d2FE,0.12202186451360393,0.0817494202997851,0.19422564321190136,le5_panelsize10,13493,13493
prod_res_mean_0215_d2FE_sd,0.3289048810703934,0.2525778981904657,NA,le5_panelsize10,13493,13493
prod_res_mean_0215_d2res,0.1700665520293287,0.2152649480607053,-0.12357351132557849,le5_panelsize10,13493,13493
prod_res_mean_0215_d2res_sd,0.5829817910838214,0.4418792353872725,NA,le5_panelsize10,13493,13493
sbrhour2,16.574502890296547,16.747756965027182,-0.012353942947448626,le5_panelsize10,13493,13493
sbrhour2_sd,13.908935469087998,24.356794156797623,NA,le5_panelsize10,13493,13493
sbrhour3,16.44130272454986,21.803545991532932,-0.017896548196183564,le5_panelsize10,13493,13493
sbrhour3_sd,29.721109171145095,598.5113872280093,NA,le5_panelsize10,13493,13493
shinscrit_carence_siren0912,0.17089007949495877,0.24844757875384713,-0.28653146201344204,le5_panelsize10,13493,13493
shinscrit_carence_siren0912_sd,0.35355637894027064,0.4099539143553444,NA,le5_panelsize10,13493,13493
shinscrit_sup10cgt_siren0912,0.513235608912501,0.4879683564573523,0.09058876512176381,le5_panelsize10,13493,13493
shinscrit_sup10cgt_siren0912_sd,0.3875339783178629,0.40125882826212633,NA,le5_panelsize10,13493,13493
sx,0.6094433325920985,0.6005189028910304,0.02581770469958693,le5_panelsize10,13493,13493
sx_sd,0.48789322734785184,0.4898098965140355,NA,le5_panelsize10,13493,13493
tfp_cd_ma3,-0.17950976174365296,-0.11439339539899383,-0.30729152985648017,le5_panelsize10,13493,13493
tfp_cd_ma3_sd,0.3179900254976263,0.2801712094304228,NA,le5_panelsize10,13493,13493
tfp_cd_ma3_d2FE,0.010380903606370688,0.02191936657008577,-0.18141626504377303,le5_panelsize10,13493,13493
tfp_cd_ma3_d2FE_sd,0.08755321436910421,0.09227873145204811,NA,le5_panelsize10,13493,13493
tfp_cd_ma3_d2res,-0.05607285439898303,-0.002494951018044576,-0.2726541275443272,le5_panelsize10,13493,13493
tfp_cd_ma3_d2res_sd,0.2951976912467574,0.25945174218183686,NA,le5_panelsize10,13493,13493
tfp_cd_mean_0215,-0.16524854825770496,-0.0871333009313447,-0.2962367924003729,le5_panelsize10,13493,13493
tfp_cd_mean_0215_sd,0.4034843669631516,0.33960870351833905,NA,le5_panelsize10,13493,13493
tfp_cd_mean_0215_d2FE,0.019398993832053672,0.030848465512142167,-0.17979699119605813,le5_panelsize10,13493,13493
tfp_cd_mean_0215_d2FE_sd,0.08656497142456117,0.09341880583830084,NA,le5_panelsize10,13493,13493
tfp_cd_mean_0215_d2res,-0.004736706854500657,0.06192906879175085,-0.263141018550126,le5_panelsize10,13493,13493
tfp_cd_mean_0215_d2res_sd,0.3884682723029056,0.32531458363920057,NA,le5_panelsize10,13493,13493
tfp_tl_ma3,-0.07610409036145052,-0.05246402760762498,-0.17619510350777493,le5_panelsize10,13493,13493
tfp_tl_ma3_sd,0.2078811212555104,0.1696808361976076,NA,le5_panelsize10,13493,13493
tfp_tl_ma3_d2FE,0.0032717259631113212,-1.9507217804904766e-5,0.12519646606456195,le5_panelsize10,13493,13493
tfp_tl_ma3_d2FE_sd,0.037259493154156775,0.0370955655157661,NA,le5_panelsize10,13493,13493
tfp_tl_ma3_d2res,-0.03571050738522155,-0.008779211450483042,-0.20825002849915086,le5_panelsize10,13493,13493
tfp_tl_ma3_d2res_sd,0.20158742340976538,0.16204677923861321,NA,le5_panelsize10,13493,13493
tfp_tl_mean_0215,-0.1243287051941204,-0.07138649150600185,-0.28575077822725337,le5_panelsize10,13493,13493
tfp_tl_mean_0215_sd,0.2924886053837198,0.22750024291786233,NA,le5_panelsize10,13493,13493
tfp_tl_mean_0215_d2FE,0.008182749264491225,0.005100773472057668,0.11022049727258669,le5_panelsize10,13493,13493
tfp_tl_mean_0215_d2FE_sd,0.03932285189347926,0.03976414594062234,NA,le5_panelsize10,13493,13493
tfp_tl_mean_0215_d2res,-0.03394138428818357,0.0220828051923892,-0.30500846416403204,le5_panelsize10,13493,13493
tfp_tl_mean_0215_d2res_sd,0.2908057188568719,0.2244694513664474,NA,le5_panelsize10,13493,13493
wage_agreement_fail_07,0.3040021929824561,0.23122739842586684,0.23323278498411196,le5_panelsize10,13493,13493
wage_agreement_fail_07_sd,0.4600466017519407,0.42166231773048846,NA,le5_panelsize10,13493,13493
wage_agreement_fail_07_alt,0.29700053561863954,0.22500517491202648,0.23258791090857323,le5_panelsize10,13493,13493
wage_agreement_fail_07_alt_sd,0.4569979744743972,0.41762896121866006,NA,le5_panelsize10,13493,13493
wage_agreement_ind_07,0.6197916666666666,0.6256115720059562,-0.01697865922643801,le5_panelsize10,13493,13493
wage_agreement_ind_07_sd,0.48550445037833806,0.4840160817467375,NA,le5_panelsize10,13493,13493
wage_agreement_ind_07_alt,0.6055168719871451,0.6087766507969364,-0.009438260741796076,le5_panelsize10,13493,13493
wage_agreement_ind_07_alt_sd,0.48880484598083074,0.4880747384487797,NA,le5_panelsize10,13493,13493
wage_agreement_num_07,2.4695723684210527,2.364603275898745,0.0386140179092259,le5_panelsize10,13493,13493
wage_agreement_num_07_sd,4.0114527068817445,3.6698040409481645,NA,le5_panelsize10,13493,13493
wage_agreement_num_07_alt,2.412694161756829,2.300972883460981,0.041413966474084477,le5_panelsize10,13493,13493
wage_agreement_num_07_alt_sd,3.9822482566762996,3.640250754321329,NA,le5_panelsize10,13493,13493
wage_agreement_share_07,0.5263871342360386,0.5566245297489458,-0.09453372135726566,le5_panelsize10,13493,13493
wage_agreement_share_07_sd,0.44683474871617795,0.45779475592111385,NA,le5_panelsize10,13493,13493
wage_agreement_share_07_alt,0.5142635955257281,0.5416460182880966,-0.08518124680044753,le5_panelsize10,13493,13493
wage_agreement_share_07_alt_sd,0.4486623521544982,0.46048887762891494,NA,le5_panelsize10,13493,13493
year_cre,1989.8376623376623,1987.2566012825348,0.23271734909602057,le5_panelsize10,13493,13493
year_cre_sd,16.458736351342875,14.871060101737474,NA,le5_panelsize10,13493,13493
age_cl,37.05274787269052,37.10515182852308,-0.009196176113821937,le5_panelsize20,21276,21276
age_cl_sd,8.03648478943938,8.081105856493027,NA,le5_panelsize20,21276,21276
bnuls_siren0912,0.09615747619893616,0.09630531032358741,-0.002262127144176562,le5_panelsize20,21276,21276
bnuls_siren0912_sd,0.09128411086889658,0.09354492136669233,NA,le5_panelsize20,21276,21276
cgt_siren0912,0.32042886960475553,0.30829329629869423,0.05009485964057545,le5_panelsize20,21276,21276
cgt_siren0912_sd,0.33182392542056094,0.3530393065635136,NA,le5_panelsize20,21276,21276
dads_eqtp_ma3,412.88962868824535,408.87860653521875,0.003604720774911535,le5_panelsize20,21276,21276
dads_eqtp_ma3_sd,1629.4772069969617,1515.6949069569412,NA,le5_panelsize20,21276,21276
extwage_agreement_ind_07,0.7441016333938294,0.8127946127946128,-0.23470422643577882,le5_panelsize20,21276,21276
extwage_agreement_ind_07_sd,0.4364215552654791,0.3901025837302838,NA,le5_panelsize20,21276,21276
extwage_agreement_ind_07_alt,0.7263983801569223,0.7962791925056076,-0.23260219454792674,le5_panelsize20,21276,21276
extwage_agreement_ind_07_alt_sd,0.4458633067899614,0.40279032586742397,NA,le5_panelsize20,21276,21276
fe0212_idfhda_ma3,0.11273462544897361,0.11596076983905261,-0.01642742718585447,le5_panelsize20,21276,21276
fe0212_idfhda_ma3_sd,0.28571118391174893,0.269521075510765,NA,le5_panelsize20,21276,21276
fe0215_god2,2.4772776059114903,2.47556784813788,0.014901026415257361,le5_panelsize20,21276,21276
fe0215_god2_sd,0.17964867009960972,0.14278756359895342,NA,le5_panelsize20,21276,21276
fe0215_god2_d2FE,0.030959659320766105,0.02740594457048722,0.06836755744552817,le5_panelsize20,21276,21276
fe0215_god2_d2FE_sd,0.0713897691148571,0.07557112283533207,NA,le5_panelsize20,21276,21276
fe0215_god2_d2res,0.10529214636209525,0.09197562529058127,0.12597749041152168,le5_panelsize20,21276,21276
fe0215_god2_d2res_sd,0.16592282362056765,0.13101250929321023,NA,le5_panelsize20,21276,21276
fe0215_god2_q5_full,3.8138127072695687,3.919157415314546,-0.1319256236430773,le5_panelsize20,21276,21276
fe0215_god2_q5_full_sd,1.1878795742867225,1.0674514905666692,NA,le5_panelsize20,21276,21276
fe0215_le,2.4655166786361735,2.4740064686046352,-0.07500324993530667,le5_panelsize20,21276,21276
fe0215_le_sd,0.17645670244166392,0.14182035982544547,NA,le5_panelsize20,21276,21276
fe0215_le_d2FE,0.031018889304551798,0.027223497853566647,0.07327876988163341,le5_panelsize20,21276,21276
fe0215_le_d2FE_sd,0.07111784945512593,0.07531715248995505,NA,le5_panelsize20,21276,21276
fe0215_le_d2res,0.09120421428556037,0.09013588171460483,0.01019445633062364,le5_panelsize20,21276,21276
fe0215_le_d2res_sd,0.16396130601783987,0.1305566157758206,NA,le5_panelsize20,21276,21276
fe0215_le_q5_full,3.7576527910179007,3.893992597513524,-0.17122477855030602,le5_panelsize20,21276,21276
fe0215_le_q5_full_sd,1.1876306508220424,1.060974524538188,NA,le5_panelsize20,21276,21276
fe0215_mlo,2.472723980353425,2.4738131132928047,-0.009611387684786482,le5_panelsize20,21276,21276
fe0215_mlo_sd,0.17629924861425675,0.14241306422237368,NA,le5_panelsize20,21276,21276
fe0215_mlo_d2FE,0.030882668053828773,0.02734294168857748,0.06814276187970962,le5_panelsize20,21276,21276
fe0215_mlo_d2FE_sd,0.07132685705916839,0.07553754125172689,NA,le5_panelsize20,21276,21276
fe0215_mlo_d2res,0.10106619450444018,0.09118147248599122,0.09457808314602241,le5_panelsize20,21276,21276
fe0215_mlo_d2res_sd,0.1629832756251089,0.13087800677067787,NA,le5_panelsize20,21276,21276
fe0215_mlo_le,2.463912243080048,2.472764290022852,-0.07832895338159535,le5_panelsize20,21276,21276
fe0215_mlo_le_sd,0.17602233657800537,0.1417823627730638,NA,le5_panelsize20,21276,21276
fe0215_mlo_le_d2FE,0.031004670663027995,0.0272013408935684,0.07341622135580088,le5_panelsize20,21276,21276
fe0215_mlo_le_d2FE_sd,0.07112239082528757,0.07534355510831112,NA,le5_panelsize20,21276,21276
fe0215_mlo_le_d2res,0.0903168091356705,0.08974690748444325,0.005439453069069373,le5_panelsize20,21276,21276
fe0215_mlo_le_d2res_sd,0.16381144724963367,0.13066899348207253,NA,le5_panelsize20,21276,21276
fe0215_mlo_le_q5_full,3.754383177075057,3.8889152510202143,-0.16897230224329882,le5_panelsize20,21276,21276
fe0215_mlo_le_q5_full_sd,1.1875701459612398,1.0607904829235792,NA,le5_panelsize20,21276,21276
fe0215_mlo_q5_full,3.8007582139848357,3.90473479457254,-0.1308640083204778,le5_panelsize20,21276,21276
fe0215_mlo_q5_full_sd,1.1835868096004076,1.060326476347095,NA,le5_panelsize20,21276,21276
hhi_comp_sirze_eqtp_ma3,0.0011835046548441623,0.0014633824415998175,-0.046846645668923145,le5_panelsize20,21276,21276
hhi_comp_sirze_eqtp_ma3_sd,0.008220553583413179,0.008671415694536798,NA,le5_panelsize20,21276,21276
hhi_comp_sirzecs1_ma3,0.0010732600240050156,0.0014347085415240212,-0.05797185260876008,le5_panelsize20,21276,21276
hhi_comp_sirzecs1_ma3_sd,0.008201807079390569,0.009392875617696193,NA,le5_panelsize20,21276,21276
hours_agreement_ind_07,0.5488721804511278,0.566060606060606,-0.048943025631248756,le5_panelsize20,21276,21276
hours_agreement_ind_07_sd,0.497670297065399,0.49565016198131145,NA,le5_panelsize20,21276,21276
hours_agreement_ind_07_alt,0.5358137180460643,0.5545586488982716,-0.05324081333380996,le5_panelsize20,21276,21276
hours_agreement_ind_07_alt_sd,0.4987788528240003,0.49704723242792564,NA,le5_panelsize20,21276,21276
ln_apl_ma3,3.821594570761726,3.908627504382745,-0.2181470360379498,le5_panelsize20,21276,21276
ln_apl_ma3_sd,0.5847224754684563,0.5429461011811996,NA,le5_panelsize20,21276,21276
ln_apl_ma3_d2FE,0.024436818830699092,0.04138544977084605,-0.12996901642414105,le5_panelsize20,21276,21276
ln_apl_ma3_d2FE_sd,0.17834730749072739,0.19030046087913885,NA,le5_panelsize20,21276,21276
ln_apl_ma3_d2res,-0.039906418516462115,0.030174052547418184,-0.1950710295189451,le5_panelsize20,21276,21276
ln_apl_ma3_d2res_sd,0.5319232220064718,0.4830296785959282,NA,le5_panelsize20,21276,21276
ln_apl_mean_0215,3.902614545338743,4.02775082374317,-0.2628762258217042,le5_panelsize20,21276,21276
ln_apl_mean_0215_sd,0.7489714550760703,0.5877499360333855,NA,le5_panelsize20,21276,21276
ln_apl_mean_0215_d2FE,0.04165263139789526,0.06182335350388871,-0.1408763934336847,le5_panelsize20,21276,21276
ln_apl_mean_0215_d2FE_sd,0.19306322646009805,0.21149223670706352,NA,le5_panelsize20,21276,21276
ln_apl_mean_0215_d2res,0.18917020690815045,0.2941054499778866,-0.23739577038236928,le5_panelsize20,21276,21276
ln_apl_mean_0215_d2res_sd,0.6963866291412641,0.5446059960262268,NA,le5_panelsize20,21276,21276
ln_emp_ma3,4.250562962078934,4.96761987452787,-0.3882366362498311,le5_panelsize20,21276,21276
ln_emp_ma3_sd,2.66371474803705,2.5592274052687243,NA,le5_panelsize20,21276,21276
ln_emp_mean_0215,3.6336864828071396,4.782782316629835,-0.6319027670918422,le5_panelsize20,21276,21276
ln_emp_mean_0215_sd,2.578437817396276,2.564952627748144,NA,le5_panelsize20,21276,21276
ln_lshare_ma3,-0.24212149210145806,-0.315872202628254,0.282749183364176,le5_panelsize20,21276,21276
ln_lshare_ma3_sd,0.38100276686876045,0.3563358049666787,NA,le5_panelsize20,21276,21276
ln_lshare_ma3_d2FE,0.0849215076750127,0.05370831491896628,0.23064554097639742,le5_panelsize20,21276,21276
ln_lshare_ma3_d2FE_sd,0.1842039431870569,0.19830638491326322,NA,le5_panelsize20,21276,21276
ln_lshare_ma3_d2res,0.23175640392061925,0.18922703182845774,0.15649749166892538,le5_panelsize20,21276,21276
ln_lshare_ma3_d2res_sd,0.39503991385987425,0.3732989300034248,NA,le5_panelsize20,21276,21276
ln_lshare_mean_0215,-0.14483118041283288,-0.2572137422118914,0.40544312918496334,le5_panelsize20,21276,21276
ln_lshare_mean_0215_sd,0.4279584637695286,0.3523870035693549,NA,le5_panelsize20,21276,21276
ln_lshare_mean_0215_d2FE,0.09341075855118582,0.04834073040222451,0.2649932231439041,le5_panelsize20,21276,21276
ln_lshare_mean_0215_d2FE_sd,0.2013967160051082,0.2741315187552008,NA,le5_panelsize20,21276,21276
ln_lshare_mean_0215_d2res,0.31839958236755345,0.2511109518670735,0.2213663491306,le5_panelsize20,21276,21276
ln_lshare_mean_0215_d2res_sd,0.45026417799091373,0.4084753725548528,NA,le5_panelsize20,21276,21276
ln_va_ma3,8.011965402886226,8.869163511621508,-0.43368762012600154,le5_panelsize20,21276,21276
ln_va_ma3_sd,2.8572262011000658,2.7318486609877706,NA,le5_panelsize20,21276,21276
ln_va_mean_0215,7.520028477219939,8.800937346947666,-0.6319353738388332,le5_panelsize20,21276,21276
ln_va_mean_0215_sd,2.9420322506490733,2.789039793104152,NA,le5_panelsize20,21276,21276
mean_age_eqtp_ma3,37.469659343984766,37.356381346655084,0.027824600137432036,le5_panelsize20,21276,21276
mean_age_eqtp_ma3_sd,5.89341388709179,5.618236152326972,NA,le5_panelsize20,21276,21276
mean_sbr_eqtp_ma3,30105.93801606313,28956.74411659083,0.07439968406684923,le5_panelsize20,21276,21276
mean_sbr_eqtp_ma3_sd,21443.26484177073,22238.013874638007,NA,le5_panelsize20,21276,21276
mean_sx_eqtp_ma3,0.6331018021971108,0.6338027650923971,-0.0032150203359319874,le5_panelsize20,21276,21276
mean_sx_eqtp_ma3_sd,0.31119754591527943,0.3054506130646839,NA,le5_panelsize20,21276,21276
mean_tenure_eqtp_ma3,2.0968393965934413,2.186065908549936,-0.13067137047802524,le5_panelsize20,21276,21276
mean_tenure_eqtp_ma3_sd,0.9464764429900756,0.9844882454767365,NA,le5_panelsize20,21276,21276
naf2d_ma3,46.95456443664913,46.78801193382154,0.010888036802763028,le5_panelsize20,21276,21276
naf2d_ma3_sd,21.697467451448727,21.568322942533104,NA,le5_panelsize20,21276,21276
nbheur2,1591.7010013633585,1583.999059885306,0.02254026396961347,le5_panelsize20,21276,21276
nbheur2_sd,486.5667465918557,479.87526457047807,NA,le5_panelsize20,21276,21276
nbheur3,1474.6478303793897,1464.0369935132087,0.02590672157734453,le5_panelsize20,21276,21276
nbheur3_sd,589.880281451732,568.383262481094,NA,le5_panelsize20,21276,21276
nbsa_ent1,1166.6282732358611,4196.129547804832,-0.3522328425222405,le5_panelsize20,21276,21276
nbsa_ent1_sd,7558.83612536264,15451.93735948053,NA,le5_panelsize20,21276,21276
participation_siren0912,0.603529948349546,0.6142974009150979,-0.05954566766618183,le5_panelsize20,21276,21276
participation_siren0912_sd,0.2649366820628261,0.24617449413237566,NA,le5_panelsize20,21276,21276
prod_res_ma3,0.19731535461446018,0.2574407482014921,-0.16298284346716943,le5_panelsize20,21276,21276
prod_res_ma3_sd,0.5540263830261366,0.4872598119104329,NA,le5_panelsize20,21276,21276
prod_res_ma3_d2FE,0.06404032520569632,0.051431466445777334,0.08345876837072377,le5_panelsize20,21276,21276
prod_res_ma3_d2FE_sd,0.22067552717723235,0.20640166054563022,NA,le5_panelsize20,21276,21276
prod_res_ma3_d2res,0.045558437643527995,0.11829268999049637,-0.22401158283319225,le5_panelsize20,21276,21276
prod_res_ma3_d2res_sd,0.48538566267155014,0.4313865421857098,NA,le5_panelsize20,21276,21276
prod_res_mean_0215,0.12387131272975596,0.1915784610057214,-0.14675915638512596,le5_panelsize20,21276,21276
prod_res_mean_0215_sd,0.7331895168731111,0.5601818287533613,NA,le5_panelsize20,21276,21276
prod_res_mean_0215_d2FE,0.09456923597854532,0.07415175729971586,0.09619222244001478,le5_panelsize20,21276,21276
prod_res_mean_0215_d2FE_sd,0.3265099597179122,0.2712996322195595,NA,le5_panelsize20,21276,21276
prod_res_mean_0215_d2res,0.13253610450306835,0.22066073145791237,-0.24011374054048829,le5_panelsize20,21276,21276
prod_res_mean_0215_d2res_sd,0.5744546359270504,0.45693887798913707,NA,le5_panelsize20,21276,21276
sbrhour2,15.252496350577102,15.471989379437336,-0.02812191343211432,le5_panelsize20,21276,21276
sbrhour2_sd,12.073856430242468,9.894311964474129,NA,le5_panelsize20,21276,21276
sbrhour3,15.102439192776831,15.122997296556496,-0.0011912572205635362,le5_panelsize20,21276,21276
sbrhour3_sd,24.406433859720785,24.405105192024102,NA,le5_panelsize20,21276,21276
shinscrit_carence_siren0912,0.17544047834576362,0.2160557090785376,-0.15411181455382975,le5_panelsize20,21276,21276
shinscrit_carence_siren0912_sd,0.3579909730792211,0.3868643698817523,NA,le5_panelsize20,21276,21276
shinscrit_sup10cgt_siren0912,0.515709142632754,0.5000919205619887,0.057252218145765435,le5_panelsize20,21276,21276
shinscrit_sup10cgt_siren0912_sd,0.3885019461241575,0.3830150169785752,NA,le5_panelsize20,21276,21276
sx,0.6014291758732546,0.5891228729905048,0.035459111993946,le5_panelsize20,21276,21276
sx_sd,0.48961555555875497,0.4920045651386153,NA,le5_panelsize20,21276,21276
tfp_cd_ma3,-0.17574813828073946,-0.12500795066357948,-0.24269585579861147,le5_panelsize20,21276,21276
tfp_cd_ma3_sd,0.2966611818206402,0.29467199322924525,NA,le5_panelsize20,21276,21276
tfp_cd_ma3_d2FE,0.007871232763055874,0.013006159394747516,-0.08240611097538064,le5_panelsize20,21276,21276
tfp_cd_ma3_d2FE_sd,0.0856565180371635,0.09052251867320388,NA,le5_panelsize20,21276,21276
tfp_cd_ma3_d2res,-0.049801560092784636,-0.004196299107315273,-0.23602313815626405,le5_panelsize20,21276,21276
tfp_cd_ma3_d2res_sd,0.27542559851533016,0.27107621187237296,NA,le5_panelsize20,21276,21276
tfp_cd_mean_0215,-0.1754958053506783,-0.09065027595109479,-0.32921393427984874,le5_panelsize20,21276,21276
tfp_cd_mean_0215_sd,0.37355591909517155,0.35515854141953795,NA,le5_panelsize20,21276,21276
tfp_cd_mean_0215_d2FE,0.013987765451399617,0.022184520589979276,-0.13292086620943402,le5_panelsize20,21276,21276
tfp_cd_mean_0215_d2FE_sd,0.08388142476133693,0.0904151556305502,NA,le5_panelsize20,21276,21276
tfp_cd_mean_0215_d2res,-0.00957273556683355,0.0670760386941518,-0.30985268873905386,le5_panelsize20,21276,21276
tfp_cd_mean_0215_d2res_sd,0.3589187515898134,0.3405117976042715,NA,le5_panelsize20,21276,21276
tfp_tl_ma3,-0.07355168027993636,-0.0583183997691327,-0.11649804197950761,le5_panelsize20,21276,21276
tfp_tl_ma3_sd,0.19063079245474499,0.17903234432210066,NA,le5_panelsize20,21276,21276
tfp_tl_ma3_d2FE,0.0022804675538847206,-1.767446263584902e-5,0.08942187413577858,le5_panelsize20,21276,21276
tfp_tl_ma3_d2FE_sd,0.035833999178091144,0.03684947979080555,NA,le5_panelsize20,21276,21276
tfp_tl_ma3_d2res,-0.03216683889448947,-0.014635416367178088,-0.13898624557603534,le5_panelsize20,21276,21276
tfp_tl_ma3_d2res_sd,0.1849786896573068,0.17153975207792133,NA,le5_panelsize20,21276,21276
tfp_tl_mean_0215,-0.12265204806755109,-0.08075206205094239,-0.2412478235024494,le5_panelsize20,21276,21276
tfp_tl_mean_0215_sd,0.2656653506396855,0.22378842652712577,NA,le5_panelsize20,21276,21276
tfp_tl_mean_0215_d2FE,0.0051391931142110185,0.004200919144268049,0.032164649437612915,le5_panelsize20,21276,21276
tfp_tl_mean_0215_d2FE_sd,0.04121921425883946,0.04128871453624368,NA,le5_panelsize20,21276,21276
tfp_tl_mean_0215_d2res,-0.029221171011336665,0.013617088975242345,-0.2499456571624793,le5_panelsize20,21276,21276
tfp_tl_mean_0215_d2res_sd,0.26422365583013013,0.21836756392128231,NA,le5_panelsize20,21276,21276
wage_agreement_fail_07,0.31267824734249416,0.24673400673400672,0.20831339042442631,le5_panelsize20,21276,21276
wage_agreement_fail_07_sd,0.4636445783657615,0.4311396191294594,NA,le5_panelsize20,21276,21276
wage_agreement_fail_07_alt,0.3052391799544419,0.24172054360733605,0.20201892668717514,le5_panelsize20,21276,21276
wage_agreement_fail_07_alt_sd,0.4605669453324858,0.4281540724475391,NA,le5_panelsize20,21276,21276
wage_agreement_ind_07,0.6160228156598393,0.6592592592592592,-0.12732212052743208,le5_panelsize20,21276,21276
wage_agreement_ind_07_sd,0.4864155109285083,0.47399023881074515,NA,le5_panelsize20,21276,21276
wage_agreement_ind_07_alt,0.6013667425968109,0.6458635703918723,-0.13001275268716278,le5_panelsize20,21276,21276
wage_agreement_ind_07_alt_sd,0.4896789492248143,0.47828234489950455,NA,le5_panelsize20,21276,21276
wage_agreement_num_07,2.4218304381643763,2.8342087542087544,-0.13360372476263738,le5_panelsize20,21276,21276
wage_agreement_num_07_sd,3.9780479675375595,4.720486106987812,NA,le5_panelsize20,21276,21276
wage_agreement_num_07_alt,2.364211592002025,2.776619606808286,-0.13455810118612427,le5_panelsize20,21276,21276
wage_agreement_num_07_alt_sd,3.9477248541185195,4.689358034948092,NA,le5_panelsize20,21276,21276
wage_agreement_share_07,0.5199317947389365,0.5888609179041603,-0.21747521392711572,le5_panelsize20,21276,21276
wage_agreement_share_07_sd,0.4456901016795137,0.4507700876809721,NA,le5_panelsize20,21276,21276
wage_agreement_share_07_alt,0.5075618659347197,0.5768956742892717,-0.2175835931476834,le5_panelsize20,21276,21276
wage_agreement_share_07_alt_sd,0.44742892082664976,0.4538369546727461,NA,le5_panelsize20,21276,21276
year_cre,1992.0366877753304,1987.6389837374848,0.4026890362446895,le5_panelsize20,21276,21276
year_cre_sd,15.20339929087052,15.681707858846453,NA,le5_panelsize20,21276,21276
age_cl,37.3386280328155,37.39079958100559,-0.009330054199220561,le5_panelsize40,11458,11458
age_cl_sd,7.8425309288886345,7.972855466704408,NA,le5_panelsize40,11458,11458
bnuls_siren0912,0.0963945944277931,0.10179449851601488,-0.07978576846743712,le5_panelsize40,11458,11458
bnuls_siren0912_sd,0.0907806733945742,0.1004052846490356,NA,le5_panelsize40,11458,11458
cgt_siren0912,0.33432817750645016,0.33057756857469917,0.015490573466426853,le5_panelsize40,11458,11458
cgt_siren0912_sd,0.3404394952627562,0.3443736916173124,NA,le5_panelsize40,11458,11458
dads_eqtp_ma3,256.15782733342724,163.54707107886412,0.12302124641727194,le5_panelsize40,11458,11458
dads_eqtp_ma3_sd,1215.8112490835647,888.0608569629591,NA,le5_panelsize40,11458,11458
extwage_agreement_ind_07,0.7788539144471348,0.815539920464974,-0.12914273347742175,le5_panelsize40,11458,11458
extwage_agreement_ind_07_sd,0.41510243353395243,0.38791827902230447,NA,le5_panelsize40,11458,11458
extwage_agreement_ind_07_alt,0.7631474891261368,0.7925089179548157,-0.099931208496505,le5_panelsize40,11458,11458
extwage_agreement_ind_07_alt_sd,0.425235110873971,0.4055704985560186,NA,le5_panelsize40,11458,11458
fe0212_idfhda_ma3,0.12490680151439171,0.12072730358926405,0.020544244684477738,le5_panelsize40,11458,11458
fe0212_idfhda_ma3_sd,0.2865091041814161,0.28889795542476404,NA,le5_panelsize40,11458,11458
fe0215_god2,2.5070851169660484,2.4640237949646524,0.3568102985950864,le5_panelsize40,11458,11458
fe0215_god2_sd,0.18217605025050346,0.15833658358631375,NA,le5_panelsize40,11458,11458
fe0215_god2_d2FE,0.034976944964189516,0.028281102787332934,0.1334796516205803,le5_panelsize40,11458,11458
fe0215_god2_d2FE_sd,0.06847743934605637,0.07332431029686043,NA,le5_panelsize40,11458,11458
fe0215_god2_d2res,0.12340670113506715,0.07981481089812756,0.39287368156468333,le5_panelsize40,11458,11458
fe0215_god2_d2res_sd,0.16799829279760742,0.14498950574062433,NA,le5_panelsize40,11458,11458
fe0215_god2_q5_full,4.002007116139039,3.7963997517070145,0.2531374651714673,le5_panelsize40,11458,11458
fe0215_god2_q5_full_sd,1.1526689056939705,1.1446675198177847,NA,le5_panelsize40,11458,11458
fe0215_le,2.490349286894705,2.4620728270580776,0.237984305515657,le5_panelsize40,11458,11458
fe0215_le_sd,0.1781839420704282,0.15722568458339561,NA,le5_panelsize40,11458,11458
fe0215_le_d2FE,0.034867810565495164,0.028016343632792463,0.13711452152765818,le5_panelsize40,11458,11458
fe0215_le_d2FE_sd,0.06822621292206445,0.0730257670981947,NA,le5_panelsize40,11458,11458
fe0215_le_d2res,0.10527419488268418,0.07762885435728778,0.25150442477968254,le5_panelsize40,11458,11458
fe0215_le_d2res_sd,0.16571447450560536,0.14445846520739275,NA,le5_panelsize40,11458,11458
fe0215_le_q5_full,3.9238741630743834,3.7714209686003195,0.18770275467844605,le5_panelsize40,11458,11458
fe0215_le_q5_full_sd,1.1579059738594366,1.1392823728258765,NA,le5_panelsize40,11458,11458
fe0215_mlo,2.5006064818681586,2.462093278358658,0.32381508752642396,le5_panelsize40,11458,11458
fe0215_mlo_sd,0.17802452264070343,0.15776615187060855,NA,le5_panelsize40,11458,11458
fe0215_mlo_d2FE,0.03486350585763857,0.028170712421001116,0.13356390269005602,le5_panelsize40,11458,11458
fe0215_mlo_d2FE_sd,0.06839280830438466,0.07325428902524181,NA,le5_panelsize40,11458,11458
fe0215_mlo_d2res,0.1175631634718444,0.07890277924296399,0.35322047400110745,le5_panelsize40,11458,11458
fe0215_mlo_d2res_sd,0.16440229730244,0.1445340600408368,NA,le5_panelsize40,11458,11458
fe0215_mlo_le,2.48833054614148,2.460776831257114,0.23238272762643264,le5_panelsize40,11458,11458
fe0215_mlo_le_sd,0.17764961064360021,0.15708718180114078,NA,le5_panelsize40,11458,11458
fe0215_mlo_le_d2FE,0.03484000402234307,0.02797106229173272,0.13745560855787772,le5_panelsize40,11458,11458
fe0215_mlo_le_d2FE_sd,0.06821874170468908,0.07304132853428157,NA,le5_panelsize40,11458,11458
fe0215_mlo_le_d2res,0.10405097128874796,0.07721525713399567,0.24440822676088203,le5_panelsize40,11458,11458
fe0215_mlo_le_d2res_sd,0.16547161113450407,0.14436826125185953,NA,le5_panelsize40,11458,11458
fe0215_mlo_le_q5_full,3.9174387670855886,3.7696265412933556,0.18197307907934981,le5_panelsize40,11458,11458
fe0215_mlo_le_q5_full_sd,1.1596303939157966,1.13772649917189,NA,le5_panelsize40,11458,11458
fe0215_mlo_q5_full,3.9823856895135528,3.789020929407591,0.23884330285187697,le5_panelsize40,11458,11458
fe0215_mlo_q5_full_sd,1.1492969912610003,1.1405479987998557,NA,le5_panelsize40,11458,11458
hhi_comp_sirze_eqtp_ma3,0.0013300517878605614,0.001064817713064257,0.045926682262128184,le5_panelsize40,11458,11458
hhi_comp_sirze_eqtp_ma3_sd,0.00878379425629004,0.007500332515620507,NA,le5_panelsize40,11458,11458
hhi_comp_sirzecs1_ma3,0.0011948535928107686,0.001064134635421555,0.021323259628198712,le5_panelsize40,11458,11458
hhi_comp_sirzecs1_ma3_sd,0.008731788664159095,0.008606998924747235,NA,le5_panelsize40,11458,11458
hours_agreement_ind_07,0.5992736077481841,0.5542979504435607,0.12884825772097103,le5_panelsize40,11458,11458
hours_agreement_ind_07_sd,0.4901445711659968,0.49711902981380585,NA,le5_panelsize40,11458,11458
hours_agreement_ind_07_alt,0.5871886120996441,0.5386444708680143,0.13854571977510202,le5_panelsize40,11458,11458
hours_agreement_ind_07_alt_sd,0.49243682971795427,0.4985784784698662,NA,le5_panelsize40,11458,11458
ln_apl_ma3,3.8218658152162015,3.9079756283749356,-0.22112838074588334,le5_panelsize40,11458,11458
ln_apl_ma3_sd,0.5561923202458215,0.5451730547417438,NA,le5_panelsize40,11458,11458
ln_apl_ma3_d2FE,0.04314695559130725,0.04501571162554194,-0.014966205279991571,le5_panelsize40,11458,11458
ln_apl_ma3_d2FE_sd,0.17428273574903888,0.1788593165406322,NA,le5_panelsize40,11458,11458
ln_apl_ma3_d2res,-0.05834531082259287,0.025895746301865818,-0.23918955188456134,le5_panelsize40,11458,11458
ln_apl_ma3_d2res_sd,0.5002697727494984,0.49587479169958387,NA,le5_panelsize40,11458,11458
ln_apl_mean_0215,3.8490741883749346,4.012994935234553,-0.3708397610134658,le5_panelsize40,11458,11458
ln_apl_mean_0215_sd,0.67490932784639,0.5710032194883393,NA,le5_panelsize40,11458,11458
ln_apl_mean_0215_d2FE,0.05047256930701433,0.059863950178634086,-0.07103631162446031,le5_panelsize40,11458,11458
ln_apl_mean_0215_d2FE_sd,0.18220274411834778,0.19161206830812907,NA,le5_panelsize40,11458,11458
ln_apl_mean_0215_d2res,0.12680991203521344,0.28133927802321296,-0.3758067197157123,le5_panelsize40,11458,11458
ln_apl_mean_0215_d2res_sd,0.6304049865831876,0.5281199483143162,NA,le5_panelsize40,11458,11458
ln_emp_ma3,4.236619969258507,4.192900161667649,0.02578214538599705,le5_panelsize40,11458,11458
ln_emp_ma3_sd,2.4464099780714887,2.348874368072138,NA,le5_panelsize40,11458,11458
ln_emp_mean_0215,3.708909244548594,3.920381426445734,-0.1246816085580449,le5_panelsize40,11458,11458
ln_emp_mean_0215_sd,2.403189889394815,2.394090048236435,NA,le5_panelsize40,11458,11458
ln_lshare_ma3,-0.20443364759953692,-0.30768385699081036,0.4168646458758638,le5_panelsize40,11458,11458
ln_lshare_ma3_sd,0.3439747693410963,0.35646664285812296,NA,le5_panelsize40,11458,11458
ln_lshare_ma3_d2FE,0.08393218128688631,0.06137849854827252,0.1833756461758713,le5_panelsize40,11458,11458
ln_lshare_ma3_d2FE_sd,0.17200894079895462,0.17584299487395177,NA,le5_panelsize40,11458,11458
ln_lshare_ma3_d2res,0.27043357481066443,0.1897370481580174,0.3079118011836075,le5_panelsize40,11458,11458
ln_lshare_ma3_d2res_sd,0.3642938427767623,0.3768645708744589,NA,le5_panelsize40,11458,11458
ln_lshare_mean_0215,-0.09368216527189785,-0.2460820016538927,0.5757858096557694,le5_panelsize40,11458,11458
ln_lshare_mean_0215_sd,0.40591287253454456,0.3397938625983009,NA,le5_panelsize40,11458,11458
ln_lshare_mean_0215_d2FE,0.09015048704041975,0.06420130259922521,0.17841456777592152,le5_panelsize40,11458,11458
ln_lshare_mean_0215_d2FE_sd,0.18625909009197955,0.2234333034459851,NA,le5_panelsize40,11458,11458
ln_lshare_mean_0215_d2res,0.37280886901924326,0.24635821707845887,0.4366986821218961,le5_panelsize40,11458,11458
ln_lshare_mean_0215_d2res_sd,0.4342607604095481,0.3831429620684701,NA,le5_panelsize40,11458,11458
ln_va_ma3,8.033055204965551,8.072335007235656,-0.02140333313211236,le5_panelsize40,11458,11458
ln_va_ma3_sd,2.6325811517112507,2.5576611699882954,NA,le5_panelsize40,11458,11458
ln_va_mean_0215,7.554988177586243,7.923339427703592,-0.1953177103825163,le5_panelsize40,11458,11458
ln_va_mean_0215_sd,2.71926684353372,2.6138448937034076,NA,le5_panelsize40,11458,11458
mean_age_eqtp_ma3,37.79257778360804,37.227059723484416,0.13378949334822754,le5_panelsize40,11458,11458
mean_age_eqtp_ma3_sd,5.894992729301309,6.059423798798758,NA,le5_panelsize40,11458,11458
mean_sbr_eqtp_ma3,30593.32934235456,28810.455379041352,0.10049972666190664,le5_panelsize40,11458,11458
mean_sbr_eqtp_ma3_sd,22044.763376783794,27800.56208002184,NA,le5_panelsize40,11458,11458
mean_sx_eqtp_ma3,0.6361605674598613,0.635966641204345,8.48353032809384e-4,le5_panelsize40,11458,11458
mean_sx_eqtp_ma3_sd,0.32062206478928734,0.32591058247396315,NA,le5_panelsize40,11458,11458
mean_tenure_eqtp_ma3,2.1367901707892374,2.2327022814823754,-0.13595982035452114,le5_panelsize40,11458,11458
mean_tenure_eqtp_ma3_sd,0.9676017685920596,1.0268177641110634,NA,le5_panelsize40,11458,11458
naf2d_ma3,44.58201992182575,42.98101201898798,0.1098336125483398,le5_panelsize40,11458,11458
naf2d_ma3_sd,21.016193228340672,20.204860976926472,NA,le5_panelsize40,11458,11458
nbheur2,1596.5795077674986,1590.22843924581,0.018517957810816128,le5_panelsize40,11458,11458
nbheur2_sd,490.65024144308694,479.3441027893244,NA,le5_panelsize40,11458,11458
nbheur3,1509.8819165648456,1502.6538058659219,0.018171544485639055,le5_panelsize40,11458,11458
nbheur3_sd,571.6899151656698,553.2244010094977,NA,le5_panelsize40,11458,11458
nbsa_ent1,1271.8377552801537,1390.7026012569831,-0.02292247968910015,le5_panelsize40,11458,11458
nbsa_ent1_sd,7369.947516540394,7296.718946668173,NA,le5_panelsize40,11458,11458
participation_siren0912,0.6487525238014987,0.633787927103618,0.08541576274462452,le5_panelsize40,11458,11458
participation_siren0912_sd,0.24463140599511063,0.25086174690283664,NA,le5_panelsize40,11458,11458
prod_res_ma3,0.17870039111983282,0.23830124754841225,-0.1629558785422504,le5_panelsize40,11458,11458
prod_res_ma3_sd,0.5337265534309219,0.5002235668487467,NA,le5_panelsize40,11458,11458
prod_res_ma3_d2FE,0.06287072819989115,0.043182247952401304,0.1359919885319057,le5_panelsize40,11458,11458
prod_res_ma3_d2FE_sd,0.20542830163997425,0.20405994295427196,NA,le5_panelsize40,11458,11458
prod_res_ma3_d2res,0.028113071154738968,0.10740240783079463,-0.2463414952438537,le5_panelsize40,11458,11458
prod_res_ma3_d2res_sd,0.4650039707475634,0.4451586447186306,NA,le5_panelsize40,11458,11458
prod_res_mean_0215,0.06356716568977527,0.16015134284157376,-0.2255436432582217,le5_panelsize40,11458,11458
prod_res_mean_0215_sd,0.6565921510199858,0.5499134017577928,NA,le5_panelsize40,11458,11458
prod_res_mean_0215_d2FE,0.0779982921060454,0.06407109913206784,0.07709421971531456,le5_panelsize40,11458,11458
prod_res_mean_0215_d2FE_sd,0.2640321147248856,0.2466313500394284,NA,le5_panelsize40,11458,11458
prod_res_mean_0215_d2res,0.08880290133561337,0.19931427146140915,-0.3099806197196295,le5_panelsize40,11458,11458
prod_res_mean_0215_d2res_sd,0.5468343358608061,0.4575711748551884,NA,le5_panelsize40,11458,11458
sbrhour2,15.969706382378117,15.798050355467966,0.01777247170788871,le5_panelsize40,11458,11458
sbrhour2_sd,12.538373696081836,14.694839958785689,NA,le5_panelsize40,11458,11458
sbrhour3,15.912666209701428,15.479722522287604,0.018591359759733406,le5_panelsize40,11458,11458
sbrhour3_sd,31.499983891113683,34.30678585830802,NA,le5_panelsize40,11458,11458
shinscrit_carence_siren0912,0.16656368681777087,0.23372309295237134,-0.25191173094304936,le5_panelsize40,11458,11458
shinscrit_carence_siren0912_sd,0.350133344169634,0.4021276771433905,NA,le5_panelsize40,11458,11458
shinscrit_sup10cgt_siren0912,0.5171636000414225,0.5037008337064921,0.04866973296911157,le5_panelsize40,11458,11458
shinscrit_sup10cgt_siren0912_sd,0.3855366973369568,0.3967673740307594,NA,le5_panelsize40,11458,11458
sx,0.6078722290102985,0.60597067039106145,0.005505549458302087,le5_panelsize40,11458,11458
sx_sd,0.48824623630828334,0.4886625228198542,NA,le5_panelsize40,11458,11458
tfp_cd_ma3,-0.1873123966799668,-0.13670056672908337,-0.2566758315446915,le5_panelsize40,11458,11458
tfp_cd_ma3_sd,0.2919409961847976,0.2651287848889374,NA,le5_panelsize40,11458,11458
tfp_cd_ma3_d2FE,0.00802928516506317,0.01502755610794977,-0.11423273484175533,le5_panelsize40,11458,11458
tfp_cd_ma3_d2FE_sd,0.08516305395235199,0.08809090490303531,NA,le5_panelsize40,11458,11458
tfp_cd_ma3_d2res,-0.06152387089400925,-0.017910311886045718,-0.23883108445016127,le5_panelsize40,11458,11458
tfp_cd_ma3_d2res_sd,0.27040927976678514,0.24549588528272698,NA,le5_panelsize40,11458,11458
tfp_cd_mean_0215,-0.19180246194836204,-0.11279143863779587,-0.3221235890917725,le5_panelsize40,11458,11458
tfp_cd_mean_0215_sd,0.3754924786135365,0.31568632959698123,NA,le5_panelsize40,11458,11458
tfp_cd_mean_0215_d2FE,0.014664445135469028,0.02217631128811638,-0.12304354628164503,le5_panelsize40,11458,11458
tfp_cd_mean_0215_d2FE_sd,0.08423841679141196,0.08838850591320527,NA,le5_panelsize40,11458,11458
tfp_cd_mean_0215_d2res,-0.026556071848581615,0.04494308530931328,-0.30478112635815324,le5_panelsize40,11458,11458
tfp_cd_mean_0215_d2res_sd,0.36077371398099906,0.29995933587036816,NA,le5_panelsize40,11458,11458
tfp_tl_ma3,-0.07831840484883194,-0.05831709837419181,-0.17024964553176494,le5_panelsize40,11458,11458
tfp_tl_ma3_sd,0.17537136269834824,0.15637510707154065,NA,le5_panelsize40,11458,11458
tfp_tl_ma3_d2FE,0.003966867221545361,0.0023548923396476645,0.06350125329097414,le5_panelsize40,11458,11458
tfp_tl_ma3_d2FE_sd,0.036394560115142076,0.035397947926990664,NA,le5_panelsize40,11458,11458
tfp_tl_ma3_d2res,-0.03861996313103961,-0.017006681774513123,-0.19140981829103942,le5_panelsize40,11458,11458
tfp_tl_ma3_d2res_sd,0.16903237777616595,0.14976109287212605,NA,le5_panelsize40,11458,11458
tfp_tl_mean_0215,-0.13426758718984183,-0.07161043881690278,-0.3949736521492038,le5_panelsize40,11458,11458
tfp_tl_mean_0215_sd,0.2583145954716341,0.18421574052187253,NA,le5_panelsize40,11458,11458
tfp_tl_mean_0215_d2FE,0.007293735793305252,0.007402242062921466,-0.0038577797420061496,le5_panelsize40,11458,11458
tfp_tl_mean_0215_d2FE_sd,0.039843474624429984,0.03971048331909251,NA,le5_panelsize40,11458,11458
tfp_tl_mean_0215_d2res,-0.042991252812721904,0.019557389290613493,-0.39856054654269363,le5_panelsize40,11458,11458
tfp_tl_mean_0215_d2res_sd,0.25687324935419664,0.18036690466324262,NA,le5_panelsize40,11458,11458
wage_agreement_fail_07,0.30710250201775624,0.22514530437442642,0.26335759098738826,le5_panelsize40,11458,11458
wage_agreement_fail_07_sd,0.46138537236747545,0.41774188090707004,NA,le5_panelsize40,11458,11458
wage_agreement_fail_07_alt,0.30090945037564254,0.21878715814506539,0.2659447484066645,le5_panelsize40,11458,11458
wage_agreement_fail_07_alt_sd,0.4587441184840681,0.4134853819039317,NA,le5_panelsize40,11458,11458
wage_agreement_ind_07,0.6509281678773204,0.6512695013765678,-0.0010126100303445725,le5_panelsize40,11458,11458
wage_agreement_ind_07_sd,0.4767729232588598,0.47664141171736113,NA,le5_panelsize40,11458,11458
wage_agreement_ind_07_alt,0.6378015025701859,0.6328775267538644,0.014464855998374522,le5_panelsize40,11458,11458
wage_agreement_ind_07_alt_sd,0.4807308256419853,0.48209195291749407,NA,le5_panelsize40,11458,11458
wage_agreement_num_07,2.742534301856336,2.527378403181401,0.0735688612812056,le5_panelsize40,11458,11458
wage_agreement_num_07_sd,4.414702602127791,3.836977835286621,NA,le5_panelsize40,11458,11458
wage_agreement_num_07_alt,2.687228153420324,2.456004756242568,0.07962936013741038,le5_panelsize40,11458,11458
wage_agreement_num_07_alt_sd,4.38692306014851,3.8055036558011293,NA,le5_panelsize40,11458,11458
wage_agreement_share_07,0.5586007970946752,0.5842659555377855,-0.08091842705371483,le5_panelsize40,11458,11458
wage_agreement_share_07_sd,0.44269504952791294,0.454330838586287,NA,le5_panelsize40,11458,11458
wage_agreement_share_07_alt,0.5473360123371315,0.5677661737969741,-0.06395759088423747,le5_panelsize40,11458,11458
wage_agreement_share_07_alt_sd,0.4451890382614345,0.45820992958195067,NA,le5_panelsize40,11458,11458
year_cre,1992.1845512398509,1989.68669121515,0.24016023099428765,le5_panelsize40,11458,11458
year_cre_sd,14.746237051098376,14.671590679542787,NA,le5_panelsize40,11458,11458
age_cl,36.94174041297935,37.15314039757603,-0.03843851646161847,panelpanSIZE1,17950,17950
age_cl_sd,7.959630256128081,7.59148965914837,NA,panelpanSIZE1,17950,17950
bnuls_siren0912,0.09508577707847873,0.10650123766305895,-0.16525273674637847,panelpanSIZE1,17950,17950
bnuls_siren0912_sd,0.09110821037203061,0.10385959697356745,NA,panelpanSIZE1,17950,17950
cgt_siren0912,0.3157076375382649,0.32828707531878937,-0.04818586483046072,panelpanSIZE1,17950,17950
cgt_siren0912_sd,0.3317852256521886,0.4031493702919766,NA,panelpanSIZE1,17950,17950
dads_eqtp_ma3,389.8987519441942,129.3392125051754,0.29177131429622505,panelpanSIZE1,17950,17950
dads_eqtp_ma3_sd,1620.6026502737488,750.7549215909701,NA,panelpanSIZE1,17950,17950
extwage_agreement_ind_07,0.7133077765607886,0.7495032859544551,-0.11557329173550862,panelpanSIZE1,17950,17950
extwage_agreement_ind_07_sd,0.45227845897559654,0.4333322157232679,NA,panelpanSIZE1,17950,17950
extwage_agreement_ind_07_alt,0.6950373532550693,0.7323775388291517,-0.11690992920205903,panelpanSIZE1,17950,17950
extwage_agreement_ind_07_alt_sd,0.46045303655339503,0.44275270199964006,NA,panelpanSIZE1,17950,17950
fe0212_idfhda_ma3,0.09298007202537742,0.1197762108077038,-0.164081596919202,panelpanSIZE1,17950,17950
fe0212_idfhda_ma3_sd,0.2286754684625523,0.23321222319545806,NA,panelpanSIZE1,17950,17950
fe0215_god2,2.5574954827379224,2.518839760839438,0.413480821365964,panelpanSIZE1,17950,17950
fe0215_god2_sd,0.14656794207823043,0.11609596588891341,NA,panelpanSIZE1,17950,17950
fe0215_god2_d2FE,0.05085186366232686,0.046909359338555355,0.0827048665208808,panelpanSIZE1,17950,17950
fe0215_god2_d2FE_sd,0.06525309246763461,0.06950957104120904,NA,panelpanSIZE1,17950,17950
fe0215_god2_d2res,0.15612538666513065,0.11744161271124105,0.4330337282579014,panelpanSIZE1,17950,17950
fe0215_god2_d2res_sd,0.13926285267052124,0.1119227006316865,NA,panelpanSIZE1,17950,17950
fe0215_god2_q5_full,4.357053941908713,4.228470802090434,0.22071768043064896,panelpanSIZE1,17950,17950
fe0215_god2_q5_full_sd,0.8188732032776632,0.8288487862096423,NA,panelpanSIZE1,17950,17950
fe0215_le,2.54026878117575,2.516233174259406,0.26962477255812234,panelpanSIZE1,17950,17950
fe0215_le_sd,0.13680662433971472,0.11432858131361426,NA,panelpanSIZE1,17950,17950
fe0215_le_d2FE,0.05044552690692069,0.046483950104023904,0.08356310248640166,panelpanSIZE1,17950,17950
fe0215_le_d2FE_sd,0.06487988821737567,0.06914298379784634,NA,panelpanSIZE1,17950,17950
fe0215_le_d2res,0.13831507498407242,0.11491814183335863,0.2724886824485358,panelpanSIZE1,17950,17950
fe0215_le_d2res_sd,0.13116262380447563,0.1108457652354349,NA,panelpanSIZE1,17950,17950
fe0215_le_q5_full,4.287473196375458,4.207225630538514,0.1368858060676387,panelpanSIZE1,17950,17950
fe0215_le_q5_full_sd,0.8314373957462768,0.826685285359014,NA,panelpanSIZE1,17950,17950
fe0215_mlo,2.5429475776782122,2.5168227581470237,0.28717491681212626,panelpanSIZE1,17950,17950
fe0215_mlo_sd,0.1405596114103068,0.11552692465765647,NA,panelpanSIZE1,17950,17950
fe0215_mlo_d2FE,0.05067279629932516,0.04674667871402368,0.0825286635881702,panelpanSIZE1,17950,17950
fe0215_mlo_d2FE_sd,0.06508388035926177,0.06940291343283603,NA,panelpanSIZE1,17950,17950
fe0215_mlo_d2res,0.14225616242140374,0.11649726173701579,0.2956308400558838,panelpanSIZE1,17950,17950
fe0215_mlo_d2res_sd,0.13378522572730764,0.11166665438178652,NA,panelpanSIZE1,17950,17950
fe0215_mlo_le,2.534005852072798,2.5149023397297676,0.2152474812134386,panelpanSIZE1,17950,17950
fe0215_mlo_le_sd,0.13587612789797782,0.11421432531756877,NA,panelpanSIZE1,17950,17950
fe0215_mlo_le_d2FE,0.05038760099327565,0.046427129183930584,0.08357229681200633,panelpanSIZE1,17950,17950
fe0215_mlo_le_d2FE_sd,0.06483042924509395,0.06913881778754151,NA,panelpanSIZE1,17950,17950
fe0215_mlo_le_d2res,0.13276331937271096,0.11448210698877014,0.21340706478264965,panelpanSIZE1,17950,17950
fe0215_mlo_le_d2res_sd,0.13054636187262902,0.1109533264135753,NA,panelpanSIZE1,17950,17950
fe0215_mlo_le_q5_full,4.2618108874593625,4.2005794137695975,0.10374326935754537,panelpanSIZE1,17950,17950
fe0215_mlo_le_q5_full_sd,0.842544609415366,0.8267785031613694,NA,panelpanSIZE1,17950,17950
fe0215_mlo_q5_full,4.301908977728593,4.2160872528970685,0.14628548913675293,panelpanSIZE1,17950,17950
fe0215_mlo_q5_full_sd,0.8327348191231453,0.8266152992303224,NA,panelpanSIZE1,17950,17950
hhi_comp_sirze_eqtp_ma3,0.0010146498989270917,0.0011151547755852945,-0.022797374496881437,panelpanSIZE1,17950,17950
hhi_comp_sirze_eqtp_ma3_sd,0.004142782730798148,0.0077833759861711165,NA,panelpanSIZE1,17950,17950
hhi_comp_sirzecs1_ma3,0.0010734428518346403,0.0010683324054714628,0.0010758289522283808,panelpanSIZE1,17950,17950
hhi_comp_sirzecs1_ma3_sd,0.005173891719619843,0.007968060451040399,NA,panelpanSIZE1,17950,17950
hours_agreement_ind_07,0.5498357064622125,0.4667583677212288,0.23580087220773652,panelpanSIZE1,17950,17950
hours_agreement_ind_07_sd,0.49757833202486934,0.4989318987468986,NA,panelpanSIZE1,17950,17950
hours_agreement_ind_07_alt,0.535752401280683,0.4560931899641577,0.22601259414501548,panelpanSIZE1,17950,17950
hours_agreement_ind_07_alt_sd,0.4987866725464955,0.4981056568485597,NA,panelpanSIZE1,17950,17950
ln_apl_ma3,3.835404555207679,4.021567479215979,-0.45975402561724144,panelpanSIZE1,17950,17950
ln_apl_ma3_sd,0.5934828300997381,0.5510119714428066,NA,panelpanSIZE1,17950,17950
ln_apl_ma3_d2FE,0.04107627019502552,0.06464674867544593,-0.17162909402899057,panelpanSIZE1,17950,17950
ln_apl_ma3_d2FE_sd,0.20978478131155384,0.17729256608141786,NA,panelpanSIZE1,17950,17950
ln_apl_ma3_d2res,-0.04273588543492631,0.11985656009298676,-0.45107740583142175,panelpanSIZE1,17950,17950
ln_apl_ma3_d2res_sd,0.5170305682720031,0.5023807274240006,NA,panelpanSIZE1,17950,17950
ln_apl_mean_0215,3.8971616973084147,4.131846861103201,-0.5294819509079695,panelpanSIZE1,17950,17950
ln_apl_mean_0215_sd,0.6965285767203676,0.5483416376637338,NA,panelpanSIZE1,17950,17950
ln_apl_mean_0215_d2FE,0.05616595361575975,0.0818117821417317,-0.18481922826897132,panelpanSIZE1,17950,17950
ln_apl_mean_0215_d2FE_sd,0.20381567867596107,0.1883570969572167,NA,panelpanSIZE1,17950,17950
ln_apl_mean_0215_d2res,0.16920403665989467,0.37824337192869445,-0.4949681911306254,panelpanSIZE1,17950,17950
ln_apl_mean_0215_d2res_sd,0.6571593075911442,0.5306488433062555,NA,panelpanSIZE1,17950,17950
ln_emp_ma3,5.741361213711226,5.471669092878071,0.2105914134594906,panelpanSIZE1,17950,17950
ln_emp_ma3_sd,2.0183977701323843,1.5767821298543137,NA,panelpanSIZE1,17950,17950
ln_emp_mean_0215,5.30328417728398,5.459729987178369,-0.12611518078720368,panelpanSIZE1,17950,17950
ln_emp_mean_0215_sd,1.9495778890515196,1.534438463707898,NA,panelpanSIZE1,17950,17950
ln_lshare_ma3,-0.20254213019808626,-0.34852812333291233,0.5352343703836175,panelpanSIZE1,17950,17950
ln_lshare_ma3_sd,0.3990544391791574,0.3719262585977163,NA,panelpanSIZE1,17950,17950
ln_lshare_ma3_d2FE,0.10064973729254026,0.09214794022983934,0.06469919741114227,panelpanSIZE1,17950,17950
ln_lshare_ma3_d2FE_sd,0.2023951507129772,0.1676463040352074,NA,panelpanSIZE1,17950,17950
ln_lshare_ma3_d2res,0.2556075362065511,0.11812334013446356,0.5017356162447228,panelpanSIZE1,17950,17950
ln_lshare_ma3_d2res_sd,0.39355175879826415,0.38139054645290466,NA,panelpanSIZE1,17950,17950
ln_lshare_mean_0215,-0.08345562230586677,-0.3020049319705616,0.7763661456497442,panelpanSIZE1,17950,17950
ln_lshare_mean_0215_sd,0.43602597046259284,0.3561696922738175,NA,panelpanSIZE1,17950,17950
ln_lshare_mean_0215_d2FE,0.10609765001466175,0.08938328654601896,0.10580853079518494,panelpanSIZE1,17950,17950
ln_lshare_mean_0215_d2FE_sd,0.22961376488654323,0.2170094299780062,NA,panelpanSIZE1,17950,17950
ln_lshare_mean_0215_d2res,0.36708824901104636,0.16525330281498848,0.6724524762416773,panelpanSIZE1,17950,17950
ln_lshare_mean_0215_d2res_sd,0.45894700429902446,0.3869390048642106,NA,panelpanSIZE1,17950,17950
ln_va_ma3,9.598388928464349,9.498077386356451,0.07203836015093572,panelpanSIZE1,17950,17950
ln_va_ma3_sd,2.1888301286015674,1.7219052858906252,NA,panelpanSIZE1,17950,17950
ln_va_mean_0215,9.226665911899357,9.590982570174406,-0.2600660347699016,panelpanSIZE1,17950,17950
ln_va_mean_0215_sd,2.2024577713368743,1.731715492137966,NA,panelpanSIZE1,17950,17950
mean_age_eqtp_ma3,38.514838344680655,37.949422291033464,0.16059984352590406,panelpanSIZE1,17950,17950
mean_age_eqtp_ma3_sd,5.164550480848861,4.786163562324862,NA,panelpanSIZE1,17950,17950
mean_sbr_eqtp_ma3,29816.927270428623,31506.063420822058,-0.1657011371332093,panelpanSIZE1,17950,17950
mean_sbr_eqtp_ma3_sd,14025.719922936538,14796.596581774695,NA,panelpanSIZE1,17950,17950
mean_sx_eqtp_ma3,0.6754694875867456,0.6652263595246413,0.05560223787573671,panelpanSIZE1,17950,17950
mean_sx_eqtp_ma3_sd,0.25913008103579593,0.26191955994449645,NA,panelpanSIZE1,17950,17950
mean_tenure_eqtp_ma3,2.053222096351964,2.178397728077789,-0.1610833208286334,panelpanSIZE1,17950,17950
mean_tenure_eqtp_ma3_sd,1.062356769983645,1.1343941890077496,NA,panelpanSIZE1,17950,17950
naf2d_ma3,44.885905441570024,42.66347804758401,0.13773410620627619,panelpanSIZE1,17950,17950
naf2d_ma3_sd,23.423582239485622,22.19844101644864,NA,panelpanSIZE1,17950,17950
nbheur2,1713.0670524166098,1711.062581412471,0.007676484812134538,panelpanSIZE1,17950,17950
nbheur2_sd,385.57371695846984,352.2272955027289,NA,panelpanSIZE1,17950,17950
nbheur3,1582.209666439755,1579.6001019425723,0.007346061960925558,panelpanSIZE1,17950,17950
nbheur3_sd,514.2525432914985,490.2107657972823,NA,panelpanSIZE1,17950,17950
nbsa_ent1,1358.0519060585432,1196.9643200996773,0.0430376066091163,panelpanSIZE1,17950,17950
nbsa_ent1_sd,5427.225536378709,5155.958232839897,NA,panelpanSIZE1,17950,17950
participation_siren0912,0.6076939638329342,0.6353332287405736,-0.1528309082627917,panelpanSIZE1,17950,17950
participation_siren0912_sd,0.2653184063303654,0.245827366267234,NA,panelpanSIZE1,17950,17950
prod_res_ma3,0.1828918757011229,0.2964844953403264,-0.31159213291149435,panelpanSIZE1,17950,17950
prod_res_ma3_sd,0.5445222770123622,0.4848693457049704,NA,panelpanSIZE1,17950,17950
prod_res_ma3_d2FE,0.06908014471018262,0.06112779535444734,0.05350797878192677,panelpanSIZE1,17950,17950
prod_res_ma3_d2FE_sd,0.2272572308824159,0.19158712188619417,NA,panelpanSIZE1,17950,17950
prod_res_ma3_d2res,0.026095139225835468,0.14764010822077686,-0.38019195863500027,panelpanSIZE1,17950,17950
prod_res_ma3_d2res_sd,0.4630738969569304,0.4408840888417004,NA,panelpanSIZE1,17950,17950
prod_res_mean_0215,0.1457381175049183,0.2576390821240326,-0.267226678329472,panelpanSIZE1,17950,17950
prod_res_mean_0215_sd,0.6685327248643821,0.5044478681295748,NA,panelpanSIZE1,17950,17950
prod_res_mean_0215_d2FE,0.09639548799751725,0.0838402639906624,0.07009311115832265,panelpanSIZE1,17950,17950
prod_res_mean_0215_d2FE_sd,0.28277702582431213,0.2199455267865611,NA,panelpanSIZE1,17950,17950
prod_res_mean_0215_d2res,0.1525766572592641,0.27703284588527605,-0.34665682791660196,panelpanSIZE1,17950,17950
prod_res_mean_0215_d2res_sd,0.5574887306790255,0.45252981693016836,NA,panelpanSIZE1,17950,17950
sbrhour2,18.33772965173197,17.70781739182815,0.02235452564259672,panelpanSIZE1,17950,17950
sbrhour2_sd,55.495362327436574,9.814703300453095,NA,panelpanSIZE1,17950,17950
sbrhour3,17.5385642497937,17.305527433985514,0.03153451702587318,panelpanSIZE1,17950,17950
sbrhour3_sd,11.18442289162204,9.661830234087141,NA,panelpanSIZE1,17950,17950
shinscrit_carence_siren0912,0.15074787564168632,0.2301135671377082,-0.30602090585876063,panelpanSIZE1,17950,17950
shinscrit_carence_siren0912_sd,0.3339887216261294,0.3968571450060137,NA,panelpanSIZE1,17950,17950
shinscrit_sup10cgt_siren0912,0.5193775304878202,0.47011320911036464,0.17355402740627748,panelpanSIZE1,17950,17950
shinscrit_sup10cgt_siren0912_sd,0.39314712058548923,0.4095507975786273,NA,panelpanSIZE1,17950,17950
sx,0.658384388472884,0.6573030526136943,0.0032232200240835626,panelpanSIZE1,17950,17950
sx_sd,0.47426484704229627,0.47462459656746103,NA,panelpanSIZE1,17950,17950
tfp_cd_ma3,-0.13470098370986183,-0.09889273016970038,-0.15035686780754456,panelpanSIZE1,17950,17950
tfp_cd_ma3_sd,0.3483256061249622,0.3248702227931388,NA,panelpanSIZE1,17950,17950
tfp_cd_ma3_d2FE,0.023077829930382328,0.029959461457468115,-0.1094951162403845,panelpanSIZE1,17950,17950
tfp_cd_ma3_d2FE_sd,0.08779344838711231,0.08995650887538253,NA,panelpanSIZE1,17950,17950
tfp_cd_ma3_d2res,-0.02396100268913236,0.004965619323906401,-0.12953274273174806,panelpanSIZE1,17950,17950
tfp_cd_ma3_d2res_sd,0.32530892194822286,0.3060272937592275,NA,panelpanSIZE1,17950,17950
tfp_cd_mean_0215,-0.13715307152969033,-0.038987060879089944,-0.3413570900815762,panelpanSIZE1,17950,17950
tfp_cd_mean_0215_sd,0.4310135880392025,0.3808234023698153,NA,panelpanSIZE1,17950,17950
tfp_cd_mean_0215_d2FE,0.030661215527023007,0.039104259128004165,-0.13559831735563335,panelpanSIZE1,17950,17950
tfp_cd_mean_0215_d2FE_sd,0.08661275467082427,0.08947627853004325,NA,panelpanSIZE1,17950,17950
tfp_cd_mean_0215_d2res,0.012096548178554814,0.10181951522815352,-0.32035877833302373,panelpanSIZE1,17950,17950
tfp_cd_mean_0215_d2res_sd,0.4220120932699472,0.36832485693417555,NA,panelpanSIZE1,17950,17950
tfp_tl_ma3,-0.09396565975394187,-0.06004842988117044,-0.2483502068816362,panelpanSIZE1,17950,17950
tfp_tl_ma3_sd,0.19012628066838622,0.19610620156436578,NA,panelpanSIZE1,17950,17950
tfp_tl_ma3_d2FE,-2.4202085572277055e-4,-7.577646136286045e-5,-0.006157648960649553,panelpanSIZE1,17950,17950
tfp_tl_ma3_d2FE_sd,0.038196755638624416,0.03816519958171676,NA,panelpanSIZE1,17950,17950
tfp_tl_ma3_d2res,-0.050058329958867914,-0.01630734448046244,-0.2569599956809481,panelpanSIZE1,17950,17950
tfp_tl_ma3_d2res_sd,0.18444118297935322,0.18705570506770056,NA,panelpanSIZE1,17950,17950
tfp_tl_mean_0215,-0.14333281035793188,-0.06304191285680429,-0.4059931484505918,panelpanSIZE1,17950,17950
tfp_tl_mean_0215_sd,0.31540190146903463,0.23867196365668572,NA,panelpanSIZE1,17950,17950
tfp_tl_mean_0215_d2FE,0.006182067464778795,0.006372433041080016,-0.006955326532559006,panelpanSIZE1,17950,17950
tfp_tl_mean_0215_d2FE_sd,0.039790044559570165,0.03759210147973404,NA,panelpanSIZE1,17950,17950
tfp_tl_mean_0215_d2res,-0.05094480765227068,0.029155724272570068,-0.40794266633136894,panelpanSIZE1,17950,17950
tfp_tl_mean_0215_d2res_sd,0.31501429640175616,0.23448473889678018,NA,panelpanSIZE1,17950,17950
wage_agreement_fail_07,0.2680722891566265,0.18187375821488613,0.29347349539273415,panelpanSIZE1,17950,17950
wage_agreement_fail_07_sd,0.44301611512091016,0.38576993009737287,NA,panelpanSIZE1,17950,17950
wage_agreement_fail_07_alt,0.2612059765208111,0.17771804062126642,0.28670505355737,panelpanSIZE1,17950,17950
wage_agreement_fail_07_alt_sd,0.4393505618477387,0.38230376148217454,NA,panelpanSIZE1,17950,17950
wage_agreement_ind_07,0.5914567360350493,0.5621274644658414,0.08397981623797356,panelpanSIZE1,17950,17950
wage_agreement_ind_07_sd,0.49163182245817366,0.49616308081710186,NA,panelpanSIZE1,17950,17950
wage_agreement_ind_07_alt,0.576307363927428,0.5492831541218638,0.07706664276416086,panelpanSIZE1,17950,17950
wage_agreement_ind_07_alt_sd,0.4942088144292949,0.4976024007545701,NA,panelpanSIZE1,17950,17950
wage_agreement_num_07,2.2927163198247538,1.8910285801620053,0.16335122441639383,panelpanSIZE1,17950,17950
wage_agreement_num_07_sd,3.8124364475256725,3.1069124266563377,NA,panelpanSIZE1,17950,17950
wage_agreement_num_07_alt,2.233991462113127,1.8478195937873356,0.158296161209335,panelpanSIZE1,17950,17950
wage_agreement_num_07_alt_sd,3.7806761308438217,3.084179393962079,NA,panelpanSIZE1,17950,17950
wage_agreement_share_07,0.5118791633627305,0.504130599197856,0.0237722202518281,panelpanSIZE1,17950,17950
wage_agreement_share_07_sd,0.4531962893431538,0.46860187544526677,NA,panelpanSIZE1,17950,17950
wage_agreement_share_07_alt,0.4987680641944215,0.49261148604414157,0.018845205100886997,panelpanSIZE1,17950,17950
wage_agreement_share_07_alt_sd,0.454605219644172,0.4693024631933921,NA,panelpanSIZE1,17950,17950
year_cre,1990.2602763236935,1985.8864418444598,0.3894425755576539,panelpanSIZE1,17950,17950
year_cre_sd,15.43213658262609,16.32151151100602,NA,panelpanSIZE1,17950,17950
age_cl,36.94287497163603,37.112856575738675,-0.030796140178126374,panelpanSIZE2,17949,17949
age_cl_sd,7.956665818815939,7.652078141004361,NA,panelpanSIZE2,17949,17949
bnuls_siren0912,0.09474171228563363,0.10512831192840813,-0.1535182671983634,panelpanSIZE2,17949,17949
bnuls_siren0912_sd,0.09094577400204268,0.10019378717817363,NA,panelpanSIZE2,17949,17949
cgt_siren0912,0.31576657722932844,0.3415733566598515,-0.0967335718881275,panelpanSIZE2,17949,17949
cgt_siren0912_sd,0.3313397051491099,0.41821599984968816,NA,panelpanSIZE2,17949,17949
dads_eqtp_ma3,390.0392617910859,158.37872560646878,0.2518185649258075,panelpanSIZE2,17949,17949
dads_eqtp_ma3_sd,1621.7326857665591,869.031927300638,NA,panelpanSIZE2,17949,17949
extwage_agreement_ind_07,0.7146368104860732,0.7249140356361363,-0.03236092405397149,panelpanSIZE2,17949,17949
extwage_agreement_ind_07_sd,0.4516489158938225,0.44659248714367655,NA,panelpanSIZE2,17949,17949
extwage_agreement_ind_07_alt,0.6963810537519958,0.705828640998326,-0.02918519368544772,panelpanSIZE2,17949,17949
extwage_agreement_ind_07_alt_sd,0.4598812446756506,0.4557040420933055,NA,panelpanSIZE2,17949,17949
fe0212_idfhda_ma3,0.09324144191393229,0.1095532032320017,-0.10072041569078294,panelpanSIZE2,17949,17949
fe0212_idfhda_ma3_sd,0.22870426780620431,0.22936156075266986,NA,panelpanSIZE2,17949,17949
fe0215_god2,2.557671435109275,2.5172219319250186,0.4341353792358702,panelpanSIZE2,17949,17949
fe0215_god2_sd,0.14656619380203445,0.1150775913517446,NA,panelpanSIZE2,17949,17949
fe0215_god2_d2FE,0.050839444637421634,0.04601382443716502,0.1007103853588167,panelpanSIZE2,17949,17949
fe0215_god2_d2FE_sd,0.06517481737280012,0.070256277405339,NA,panelpanSIZE2,17949,17949
fe0215_god2_d2res,0.1563161867417131,0.11717624447848587,0.4386035920514331,panelpanSIZE2,17949,17949
fe0215_god2_d2res_sd,0.13927831398785445,0.11160181506492185,NA,panelpanSIZE2,17949,17949
fe0215_god2_q5_full,4.3579435372266815,4.222133667311852,0.23357589537734708,panelpanSIZE2,17949,17949
fe0215_god2_q5_full_sd,0.8185009564968144,0.8260364080721935,NA,panelpanSIZE2,17949,17949
fe0215_le,2.540425472576665,2.5140765329285713,0.2964829325466573,panelpanSIZE2,17949,17949
fe0215_le_sd,0.13681083487487977,0.11347028464561983,NA,panelpanSIZE2,17949,17949
fe0215_le_d2FE,0.05043186199825872,0.04559567567463845,0.10149589353500073,panelpanSIZE2,17949,17949
fe0215_le_d2FE_sd,0.06480076812780483,0.06987561198263306,NA,panelpanSIZE2,17949,17949
fe0215_le_d2res,0.1384882866362324,0.11403299936321995,0.28475001173625597,panelpanSIZE2,17949,17949
fe0215_le_d2res_sd,0.131182083984179,0.11088311750174021,NA,panelpanSIZE2,17949,17949
fe0215_le_q5_full,4.288324451519136,4.194808152112034,0.15957883926905797,panelpanSIZE2,17949,17949
fe0215_le_q5_full_sd,0.8309839668704123,0.826523264129348,NA,panelpanSIZE2,17949,17949
fe0215_mlo,2.5431146101803104,2.5151144119543054,0.30895087129658844,panelpanSIZE2,17949,17949
fe0215_mlo_sd,0.14055574960179856,0.11445184010209307,NA,panelpanSIZE2,17949,17949
fe0215_mlo_d2FE,0.050660015579382406,0.04586568735574515,0.10025744425274144,panelpanSIZE2,17949,17949
fe0215_mlo_d2FE_sd,0.06500591013175501,0.07015202798230019,NA,panelpanSIZE2,17949,17949
fe0215_mlo_d2res,0.14243895264906656,0.11612363298057557,0.30238191775027773,panelpanSIZE2,17949,17949
fe0215_mlo_d2res_sd,0.13380256663199844,0.111317130232245,NA,panelpanSIZE2,17949,17949
fe0215_mlo_le,2.5341678319633094,2.5127538171089228,0.24214418824033562,panelpanSIZE2,17949,17949
fe0215_mlo_le_sd,0.13588334983391076,0.11321966853624534,NA,panelpanSIZE2,17949,17949
fe0215_mlo_le_d2FE,0.05037366794697831,0.04555143386082591,0.1012375550648248,panelpanSIZE2,17949,17949
fe0215_mlo_le_d2FE_sd,0.06475175556744768,0.069876797304298785,NA,panelpanSIZE2,17949,17949
fe0215_mlo_le_d2res,0.13294266772773067,0.11358920177692873,0.22597072917969216,panelpanSIZE2,17949,17949
fe0215_mlo_le_d2res_sd,0.1305741516066976,0.11086600061460748,NA,panelpanSIZE2,17949,17949
fe0215_mlo_le_q5_full,4.262440307287702,4.189172264602072,0.12403705394997953,panelpanSIZE2,17949,17949
fe0215_mlo_le_q5_full_sd,0.8423991783036476,0.8282783396629851,NA,panelpanSIZE2,17949,17949
fe0215_mlo_q5_full,4.3026989619377165,4.21052032335193,0.1572910211499984,panelpanSIZE2,17949,17949
fe0215_mlo_q5_full_sd,0.83233475438987,0.8252179570190249,NA,panelpanSIZE2,17949,17949
hhi_comp_sirze_eqtp_ma3,0.0010150399576758318,0.0011353588813464498,-0.02599111180286738,panelpanSIZE2,17949,17949
hhi_comp_sirze_eqtp_ma3_sd,0.004144365510515206,0.008279096759647012,NA,panelpanSIZE2,17949,17949
hhi_comp_sirzecs1_ma3,0.001073818042437076,0.0010764481157887029,-5.157216459495824e-4,panelpanSIZE2,17949,17949
hhi_comp_sirzecs1_ma3_sd,0.005175891414813632,0.008788724584572584,NA,panelpanSIZE2,17949,17949
hours_agreement_ind_07,0.5524303659202622,0.45717411691153487,0.2706396466919842,panelpanSIZE2,17949,17949
hours_agreement_ind_07_sd,0.4973113644492851,0.4982015032606213,NA,panelpanSIZE2,17949,17949
hours_agreement_ind_07_alt,0.5383182543906333,0.44513772637345916,0.264714848727439,panelpanSIZE2,17949,17949
hours_agreement_ind_07_alt_sd,0.49859589149974776,0.49701883722828993,NA,panelpanSIZE2,17949,17949
ln_apl_ma3,3.8385015942229144,3.9752537423227112,-0.3393072585770253,panelpanSIZE2,17949,17949
ln_apl_ma3_sd,0.5961999899431337,0.5424842516810149,NA,panelpanSIZE2,17949,17949
ln_apl_ma3_d2FE,0.041440062740913726,0.05746455889283554,-0.11610656806515372,panelpanSIZE2,17949,17949
ln_apl_ma3_d2FE_sd,0.20965396535470684,0.1795500868700854,NA,panelpanSIZE2,17949,17949
ln_apl_ma3_d2res,-0.04000263896557887,0.08072501298231838,-0.3372555985510192,panelpanSIZE2,17949,17949
ln_apl_ma3_d2res_sd,0.5198533436393404,0.4922650076554414,NA,panelpanSIZE2,17949,17949
ln_apl_mean_0215,3.8990621543176927,4.077261803626026,-0.39750126895107646,panelpanSIZE2,17949,17949
ln_apl_mean_0215_sd,0.6987708280947089,0.5617912067227895,NA,panelpanSIZE2,17949,17949
ln_apl_mean_0215_d2FE,0.05655379965095196,0.0809120554331148,-0.17566012332476177,panelpanSIZE2,17949,17949
ln_apl_mean_0215_d2FE_sd,0.20357305135726608,0.18834043384863858,NA,panelpanSIZE2,17949,17949
ln_apl_mean_0215_d2res,0.17071664763398076,0.3245580411601391,-0.36282999688403933,panelpanSIZE2,17949,17949
ln_apl_mean_0215_d2res_sd,0.6593818134018494,0.5332292304175879,NA,panelpanSIZE2,17949,17949
ln_emp_ma3,5.739422326203326,5.5129348049152,0.1754645205332976,panelpanSIZE2,17949,17949
ln_emp_ma3_sd,2.0171986486159037,1.6110386879232446,NA,panelpanSIZE2,17949,17949
ln_emp_mean_0215,5.302599213462916,5.435725758044207,-0.10660447488596088,panelpanSIZE2,17949,17949
ln_emp_mean_0215_sd,1.9481364031717392,1.562902751944595,NA,panelpanSIZE2,17949,17949
ln_lshare_ma3,-0.20446752102333343,-0.31988175947004366,0.42349229434588537,panelpanSIZE2,17949,17949
ln_lshare_ma3_sd,0.4043119715822903,0.3655429294953676,NA,panelpanSIZE2,17949,17949
ln_lshare_ma3_d2FE,0.10061339417452728,0.0947433038148088,0.044084079690633625,panelpanSIZE2,17949,17949
ln_lshare_ma3_d2FE_sd,0.2024992417870741,0.17296496441148523,NA,panelpanSIZE2,17949,17949
ln_lshare_ma3_d2res,0.2537184884993175,0.14417434041240024,0.40004240663901275,panelpanSIZE2,17949,17949
ln_lshare_ma3_d2res_sd,0.3977120382636782,0.3765096873919246,NA,panelpanSIZE2,17949,17949
ln_lshare_mean_0215,-0.08435527743787287,-0.2639202983501263,0.6249240135619877,panelpanSIZE2,17949,17949
ln_lshare_mean_0215_sd,0.43769208590257147,0.37239813002075217,NA,panelpanSIZE2,17949,17949
ln_lshare_mean_0215_d2FE,0.1056878729753873,0.09047913493813832,0.0941111472071298,panelpanSIZE2,17949,17949
ln_lshare_mean_0215_d2FE_sd,0.23018427942316994,0.22688898512858172,NA,panelpanSIZE2,17949,17949
ln_lshare_mean_0215_d2res,0.3665983709183141,0.2022420880433037,0.536541903866405,panelpanSIZE2,17949,17949
ln_lshare_mean_0215_d2res_sd,0.45959938419770013,0.405103459621528,NA,panelpanSIZE2,17949,17949
ln_va_ma3,9.599531819550526,9.493037515526723,0.0763299868747422,panelpanSIZE2,17949,17949
ln_va_ma3_sd,2.185529345312111,1.734821164194288,NA,panelpanSIZE2,17949,17949
ln_va_mean_0215,9.228061582524282,9.509373300911262,-0.1990385945845848,panelpanSIZE2,17949,17949
ln_va_mean_0215_sd,2.201680997467853,1.772812245166492,NA,panelpanSIZE2,17949,17949
mean_age_eqtp_ma3,38.5175134561138,37.81390983803668,0.19767770173801194,panelpanSIZE2,17949,17949
mean_age_eqtp_ma3_sd,5.16291420216584,4.901033893411535,NA,panelpanSIZE2,17949,17949
mean_sbr_eqtp_ma3,29836.33908084266,31065.18534321138,-0.11511054074673334,panelpanSIZE2,17949,17949
mean_sbr_eqtp_ma3_sd,14025.505519729266,16097.772862309645,NA,panelpanSIZE2,17949,17949
mean_sx_eqtp_ma3,0.6755326580437696,0.6636454545233339,0.06443742265260315,panelpanSIZE2,17949,17949
mean_sx_eqtp_ma3_sd,0.25893767617648145,0.26282675119630894,NA,panelpanSIZE2,17949,17949
mean_tenure_eqtp_ma3,2.053136648127423,2.1454997972088603,-0.12024979205626772,panelpanSIZE2,17949,17949
mean_tenure_eqtp_ma3_sd,1.0628944541502807,1.1091119067075692,NA,panelpanSIZE2,17949,17949
naf2d_ma3,44.90480434976379,42.68639603346762,0.13714717135903906,panelpanSIZE2,17949,17949
naf2d_ma3_sd,23.412191532220454,22.32580623725341,NA,panelpanSIZE2,17949,17949
nbheur2,1713.832142046744,1714.2643906312028,-0.0016418866845193665,panelpanSIZE2,17949,17949
nbheur2_sd,384.58223466991933,359.62044562165346,NA,panelpanSIZE2,17949,17949
nbheur3,1582.4797481279782,1576.1852208926446,0.017538529895975444,panelpanSIZE2,17949,17949
nbheur3_sd,514.2208459855925,500.80474123626993,NA,panelpanSIZE2,17949,17949
nbsa_ent1,1357.5699455411846,1263.6712981341802,0.024287291301380912,panelpanSIZE2,17949,17949
nbsa_ent1_sd,5427.0185790373525,5507.845377404256,NA,panelpanSIZE2,17949,17949
participation_siren0912,0.6083945055861274,0.6210076801571724,-0.06874712381242624,panelpanSIZE2,17949,17949
participation_siren0912_sd,0.265066943942468,0.2537468479611459,NA,panelpanSIZE2,17949,17949
prod_res_ma3,0.1846414293337074,0.27073527906016354,-0.23570727128035282,panelpanSIZE2,17949,17949
prod_res_ma3_sd,0.5449001785413462,0.4865552117933955,NA,panelpanSIZE2,17949,17949
prod_res_ma3_d2FE,0.06953714446503884,0.05690269015671461,0.0832233545563036,panelpanSIZE2,17949,17949
prod_res_ma3_d2FE_sd,0.227480386459334,0.20110296387196044,NA,panelpanSIZE2,17949,17949
prod_res_ma3_d2res,0.027387693103564058,0.12611599713833413,-0.3101854917021138,panelpanSIZE2,17949,17949
prod_res_ma3_d2res_sd,0.4633250440420469,0.43653038618592555,NA,panelpanSIZE2,17949,17949
prod_res_mean_0215,0.14700676881051888,0.23711689807505393,-0.21015881004646364,panelpanSIZE2,17949,17949
prod_res_mean_0215_sd,0.6698056707130144,0.5354817492544698,NA,panelpanSIZE2,17949,17949
prod_res_mean_0215_d2FE,0.09681209552458594,0.09059495888088628,0.03334787943811437,panelpanSIZE2,17949,17949
prod_res_mean_0215_d2FE_sd,0.282870780555365,0.2429254874709045,NA,panelpanSIZE2,17949,17949
prod_res_mean_0215_d2res,0.15342870103779568,0.24975596694606883,-0.26660411104956294,panelpanSIZE2,17949,17949
prod_res_mean_0215_d2res_sd,0.558799482813515,0.4581796567680447,NA,panelpanSIZE2,17949,17949
sbrhour2,18.333780683798533,19.39194673423883,-0.0223568598002803,panelpanSIZE2,17949,17949
sbrhour2_sd,55.49297186668322,76.68972914237321,NA,panelpanSIZE2,17949,17949
sbrhour3,17.537875982774462,17.238392935346532,0.03944148835339455,panelpanSIZE2,17949,17949
sbrhour3_sd,11.177107422066326,10.280698356974321,NA,panelpanSIZE2,17949,17949
shinscrit_carence_siren0912,0.15026730693488025,0.2240420415101345,-0.2862492596244832,panelpanSIZE2,17949,17949
shinscrit_carence_siren0912_sd,0.33357768912664254,0.3929667529158002,NA,panelpanSIZE2,17949,17949
shinscrit_sup10cgt_siren0912,0.5208579249238503,0.4804798280131896,0.14190117509890082,panelpanSIZE2,17949,17949
shinscrit_sup10cgt_siren0912_sd,0.3932459570927723,0.411380982505798,NA,panelpanSIZE2,17949,17949
sx,0.6582709326072158,0.6640390177508081,-0.017234163701101195,panelpanSIZE2,17949,17949
sx_sd,0.47430272356562586,0.4723387061071389,NA,panelpanSIZE2,17949,17949
tfp_cd_ma3,-0.13530650327718877,-0.10746897981216068,-0.11943540633864354,panelpanSIZE2,17949,17949
tfp_cd_ma3_sd,0.34835000987486525,0.3097578185647918,NA,panelpanSIZE2,17949,17949
tfp_cd_ma3_d2FE,0.023021639986620362,0.030312860791165852,-0.1151130545741139,panelpanSIZE2,17949,17949
tfp_cd_ma3_d2FE_sd,0.08773820639979067,0.09137643647664158,NA,panelpanSIZE2,17949,17949
tfp_cd_ma3_d2res,-0.024510332312697277,-0.003964029652261757,-0.09413167340324767,panelpanSIZE2,17949,17949
tfp_cd_ma3_d2res_sd,0.3253020989585426,0.2911169831037474,NA,panelpanSIZE2,17949,17949
tfp_cd_mean_0215,-0.137887433379119,-0.04678971621330033,-0.3156424784514295,panelpanSIZE2,17949,17949
tfp_cd_mean_0215_sd,0.43055578750203033,0.3844550389952114,NA,panelpanSIZE2,17949,17949
tfp_cd_mean_0215_d2FE,0.030548500138411427,0.03933050790002978,-0.14012561977801266,panelpanSIZE2,17949,17949
tfp_cd_mean_0215_d2FE_sd,0.0866272423220386,0.09059269135335664,NA,panelpanSIZE2,17949,17949
tfp_cd_mean_0215_d2res,0.01147490171773792,0.0937906111219135,-0.2926235381798787,panelpanSIZE2,17949,17949
tfp_cd_mean_0215_d2res_sd,0.4216695552262067,0.37244998579571975,NA,panelpanSIZE2,17949,17949
tfp_tl_ma3,-0.09381204330849989,-0.06710714455630631,-0.19725434121894045,panelpanSIZE2,17949,17949
tfp_tl_ma3_sd,0.190059292500038,0.192851679976719,NA,panelpanSIZE2,17949,17949
tfp_tl_ma3_d2FE,-2.0742438073510552e-4,-4.791796766851358e-4,0.010118374063300776,panelpanSIZE2,17949,17949
tfp_tl_ma3_d2FE_sd,0.03819272610582194,0.037770881679874344,NA,panelpanSIZE2,17949,17949
tfp_tl_ma3_d2res,-0.04993930998841347,-0.022962655940281396,-0.20595866117642392,panelpanSIZE2,17949,17949
tfp_tl_ma3_d2res_sd,0.18437292457579876,0.1860930569614415,NA,panelpanSIZE2,17949,17949
tfp_tl_mean_0215,-0.14343516279647472,-0.07673879388920314,-0.33283615960648794,panelpanSIZE2,17949,17949
tfp_tl_mean_0215_sd,0.3152070234621294,0.24751953043822206,NA,panelpanSIZE2,17949,17949
tfp_tl_mean_0215_d2FE,0.006242457967918022,0.006762228289827882,-0.01896000876635655,panelpanSIZE2,17949,17949
tfp_tl_mean_0215_d2FE_sd,0.03978248795924605,0.03772891009676744,NA,panelpanSIZE2,17949,17949
tfp_tl_mean_0215_d2res,-0.05110755059395312,0.015069047991423612,-0.3319495826264245,panelpanSIZE2,17949,17949
tfp_tl_mean_0215_d2res_sd,0.3148374135934652,0.24464435502499998,NA,panelpanSIZE2,17949,17949
wage_agreement_fail_07,0.2711632987438558,0.1894341981869334,0.27579854765524564,panelpanSIZE2,17949,17949
wage_agreement_fail_07_sd,0.4446209033601788,0.39188376594172164,NA,panelpanSIZE2,17949,17949
wage_agreement_fail_07_alt,0.2642362959020756,0.1844468117485923,0.2717182386521183,panelpanSIZE2,17949,17949
wage_agreement_fail_07_alt_sd,0.44098437995185524,0.38787766280490993,NA,panelpanSIZE2,17949,17949
wage_agreement_ind_07,0.5931185144729656,0.5462644576430135,0.1339653867854785,panelpanSIZE2,17949,17949
wage_agreement_ind_07_sd,0.49131951021835224,0.4978939105711017,NA,panelpanSIZE2,17949,17949
wage_agreement_ind_07_alt,0.5779670037253859,0.531882514077005,0.13126774562829163,panelpanSIZE2,17949,17949
wage_agreement_ind_07_alt_sd,0.49394946176385945,0.4990204427965844,NA,panelpanSIZE2,17949,17949
wage_agreement_num_07,2.2889131622064447,1.8621444201312911,0.17338512270115017,panelpanSIZE2,17949,17949
wage_agreement_num_07_sd,3.8077369831223136,3.12008654223547,NA,panelpanSIZE2,17949,17949
wage_agreement_num_07_alt,2.2304417243214476,1.8131182468421854,0.1709913564948903,panelpanSIZE2,17949,17949
wage_agreement_num_07_alt_sd,3.7760870622810643,3.0931384072756107,NA,panelpanSIZE2,17949,17949
wage_agreement_share_07,0.5118467243666014,0.4893001149844922,0.06928467226000863,panelpanSIZE2,17949,17949
wage_agreement_share_07_sd,0.4523761138880628,0.46791904386050664,NA,panelpanSIZE2,17949,17949
wage_agreement_share_07_alt,0.49877134237107346,0.47641791746625795,0.06855624624119105,panelpanSIZE2,17949,17949
wage_agreement_share_07_alt_sd,0.4538043421431455,0.4683173837812818,NA,panelpanSIZE2,17949,17949
year_cre,1990.2522963344493,1986.2808074721302,0.35832205700507,panelpanSIZE2,17949,17949
year_cre_sd,15.427224972531919,15.918012987090052,NA,panelpanSIZE2,17949,17949
